zoo,scientificName,commonName,givenName,gender,dateOfBirth,age,isTransportable
Panzhuang,Graspus graspus,Red lava crab,Ring-tailed coatimundi,Female,9/29/2023,25,true
Novopavlovsk,Tockus flavirostris,"Hornbill, yellow-billed","Phalarope, red",Female,1/1/2023,15,false
Fonte de Angeão,Felis concolor,Mountain lion,"Heron, little",Male,2/20/2023,28,false
Wiyayu Barat,Theropithecus gelada,"Baboon, gelada","Dove, laughing",Female,4/8/2023,23,true
Strasbourg,Eira barbata,Tayra,"Starling, red-shouldered glossy",Male,12/30/2023,28,false
Elena,Varanus salvator,"Monitor, water","Vulture, king",Male,11/18/2022,26,false
Yeping,Chelodina longicollis,Snake-necked turtle,"Bird, bare-faced go away",Female,12/27/2023,21,false
Enhe Hada,Macropus robustus,"Wallaroo, common","Stork, marabou",Male,9/15/2023,17,false
São Manuel,Nyctea scandiaca,Snowy owl,Woodrat (unidentified),Female,3/7/2024,7,true
Labney,Bradypus tridactylus,Pale-throated three-toed sloth,Marine iguana,Male,5/10/2023,27,true
Lauro de Freitas,Lasiodora parahybana,"Tarantula, salmon pink bird eater","Lion, south american sea",Non-binary,1/18/2024,22,true
Dąbrowice,Lemur catta,"Lemur, ring-tailed","Squirrel, pine",Female,7/15/2023,8,false
Madīnat Lab‘ūs,Sitta canadensis,Red-breasted nuthatch,"Cat, native",Female,1/24/2024,4,true
Xinzhou,Taurotagus oryx,"Eland, common","Plover, blacksmith",Male,7/29/2023,16,true
Sieradza,Chlamydosaurus kingii,Frilled dragon,"Eagle, bateleur",Female,3/12/2024,21,true
Zheshan,Uraeginthus granatina,Violet-eared waxbill,Kirk's dik dik,Male,10/12/2022,16,true
Hengshui,Sula nebouxii,"Booby, blue-footed",Agama lizard (unidentified),Female,2/18/2024,10,false
Saint-Denis,Antilocapra americana,Pronghorn,"Monitor, white-throated",Genderfluid,11/9/2022,12,true
Aqsay,Eolophus roseicapillus,Red-breasted cockatoo,"Glider, squirrel",Female,7/26/2022,21,true
Černilov,Vombatus ursinus,Common wombat,Sage grouse,Male,8/3/2023,15,false
Sisŏphŏn,Iguana iguana,"Iguana, common green","Zorro, common",Male,8/10/2022,19,false
Cibingbin,unavailable,Ant (unidentified),"Cat, toddy",Female,10/27/2023,21,false
Nankang,Madoqua kirkii,"Dik, kirk's dik",Ring-tailed lemur,Male,12/6/2022,30,true
Marseille,Turtur chalcospilos,Emerald-spotted wood dove,"Colobus, black and white",Non-binary,8/30/2023,30,true
Lianhua,Alectura lathami,"Turkey, australian brush",White-faced tree rat,Female,6/16/2022,7,true
Nam Som,Semnopithecus entellus,"Langur, gray","Tern, royal",Male,11/9/2022,1,true
Östersund,Ara chloroptera,Green-winged macaw,White-winged dove,Male,10/13/2022,8,true
Uddiawan,Psophia viridis,Green-winged trumpeter,Masked booby,Male,11/11/2023,11,false
Konongo,unavailable,Butterfly (unidentified),Sociable weaver,Non-binary,11/10/2022,21,false
Maofan,Chloephaga melanoptera,Andean goose,Red meerkat,Male,8/5/2022,7,false
Nandayure,Erinaceus frontalis,"Hedgehog, south african",Kafue flats lechwe,Female,11/22/2022,1,false
Iquique,Tiliqua scincoides,Blue-tongued lizard,White-throated kingfisher,Female,2/27/2024,19,false
Bourges,Dicrurus adsimilis,Fork-tailed drongo,"Crane, sarus",Male,11/17/2022,1,true
Falun,Corvus albicollis,"Raven, white-necked","Fox, arctic",Female,5/1/2023,13,true
Ikey,Varanus albigularis,White-throated monitor,"Squirrel, eurasian red",Female,4/11/2023,1,true
Mogi das Cruzes,Myotis lucifugus,Little brown bat,Golden-mantled ground squirrel,Polygender,6/24/2022,10,true
Anao,Cercopithecus aethiops,Vervet monkey,Yak,Male,9/10/2022,10,false
Vlycháda,Eunectes sp.,Anaconda (unidentified),"Waxbill, black-cheeked",Female,11/16/2023,8,true
Ar Ramthā,Myrmecophaga tridactyla,"Anteater, giant",Crowned eagle,Male,1/12/2024,7,false
Baojia,Vombatus ursinus,Common wombat,"Shrike, southern white-crowned",Male,12/19/2023,16,false
Wuda,Larus fuliginosus,Lava gull,Urial,Female,12/7/2022,3,false
Santisimo Rosario,Phascogale calura,"Wambenger, red-tailed","Skunk, western spotted",Female,10/17/2022,24,true
Bururi,Lybius torquatus,"Barbet, black-collared",Blackish oystercatcher,Male,2/8/2024,9,true
Lenakapa,Alopex lagopus,"Fox, arctic","Pigeon, feral rock",Female,8/9/2022,22,false
Jiuxian,Erinaceus frontalis,South African hedgehog,"Stork, european",Male,12/24/2022,6,true
Pinellas Park,Heloderma horridum,Mexican beaded lizard,Numbat,Female,10/30/2023,6,false
Roslavl’,Gekko gecko,Tokay gecko,"Jackal, asiatic",Male,12/20/2022,8,true
Quinta da Queimada,unavailable,Western palm tanager (unidentified),Eastern diamondback rattlesnake,Female,7/31/2022,1,true
Magnitogorsk,Kobus defassa,"Waterbuck, defassa","Frogmouth, tawny",Female,9/24/2022,29,false
Sandyford,Irania gutteralis,White-throated robin,"Colobus, black and white",Male,6/19/2022,17,false
Sanquan,Ursus americanus,American black bear,Red-cheeked cordon bleu,Male,12/26/2023,24,false
Tran,Cygnus buccinator,"Swan, trumpeter",Ornate rock dragon,Female,11/14/2022,11,false
Bungo-Takada-shi,Felis silvestris lybica,European wild cat,"Leopard, indian",Male,1/15/2024,16,true
Anshan,Phacochoerus aethiopus,Warthog,Red-necked wallaby,Female,12/27/2022,23,true
Ponta Grossa,Coluber constrictor foxii,Blue racer,Greater blue-eared starling,Male,1/24/2023,14,true
Gornorechenskiy,Acrantophis madagascariensis,Malagasy ground boa,"Vulture, oriental white-backed",Male,12/12/2022,11,true
Al Mushannaf,Ovis ammon,Red sheep,Hudsonian godwit,Agender,6/17/2022,21,true
Yukuhashi,Alligator mississippiensis,"Alligator, mississippi","Ibis, glossy",Female,10/17/2023,13,true
Åkersberga,Oryx gazella,Gemsbok,"Lemming, collared",Male,4/5/2023,27,false
Almeirim,Papio cynocephalus,Olive baboon,Madagascar fruit bat,Female,9/24/2022,18,false
Fangli,Pseudoleistes virescens,"Marshbird, brown and yellow",Western palm tanager (unidentified),Female,12/8/2023,4,false
Buguruslan,Alligator mississippiensis,Mississippi alligator,Field flicker,Male,7/13/2023,18,false
San Diego,Leprocaulinus vipera,"Insect, stick",Osprey,Male,3/23/2023,26,true
Gýtheio,Pavo cristatus,"Peacock, blue",Dama wallaby,Female,10/2/2022,28,true
Barão de São Miguel,Tamiasciurus hudsonicus,Red squirrel,Black-capped capuchin,Female,11/7/2022,23,true
Rokitno,Cracticus nigroagularis,"Bird, black-throated butcher","Dove, laughing",Male,3/18/2023,2,false
Saint-Maurice,Pseudalopex gymnocercus,Azara's zorro,Lapwing (unidentified),Male,3/23/2024,18,true
Gakovo,Hippotragus niger,"Antelope, sable",Ant (unidentified),Male,1/24/2023,24,true
Rancagua,Stenella coeruleoalba,"Dolphin, striped","Bettong, brush-tailed",Male,1/18/2024,22,false
Kuroishi,Phalaropus lobatus,"Phalarope, red-necked","Egret, cattle",Male,5/21/2023,2,true
Hrvatska Kostajnica,Himantopus himantopus,"Stilt, black-winged",Lizard (unidentified),Female,10/31/2023,24,true
Gaio,Heloderma horridum,"Monster, gila",European beaver,Male,10/11/2023,30,false
Cinyawang,unavailable,Red-winged hawk (unidentified),"Hartebeest, red",Female,9/30/2023,6,true
Cigebrok,Ursus americanus,American black bear,"Insect, stick",Male,11/26/2022,15,true
München,Platalea leucordia,White spoonbill,Common genet,Female,6/20/2022,1,false
Suponevo,unavailable,Hummingbird (unidentified),Greater adjutant stork,Female,9/5/2022,21,true
Wulijie,Elephas maximus bengalensis,"Elephant, asian",Indian jackal,Male,1/31/2024,1,true
Xubao,Ninox superciliaris,"Owl, white-browed",Blue peacock,Male,5/21/2023,17,true
Taobei,Chauna torquata,"Screamer, southern",Adouri (unidentified),Female,12/1/2022,14,true
Lahad Datu,Spermophilus richardsonii,"Squirrel, richardson's ground","Lemur, sportive",Female,11/14/2023,8,true
Taiping,Alligator mississippiensis,"Alligator, american","Eagle, golden",Female,12/5/2023,15,false
Agdangan,Colaptes campestroides,Campo flicker,Crab (unidentified),Male,1/10/2023,11,false
Dabbūrīya,Cercopithecus aethiops,"Monkey, vervet",Magistrate black colobus,Female,6/10/2023,4,true
Xinyi,Paraxerus cepapi,"Squirrel, grey-footed","Colobus, black and white",Male,8/2/2022,9,true
Taghazout,Lamprotornis chalybaeus,Greater blue-eared starling,"Whale, southern right",Male,8/9/2023,7,false
Belyy Yar,Naja nivea,Cape cobra,"Heron, gray",Female,7/23/2023,13,true
Kulaman,Macropus rufogriseus,Bennett's wallaby,"Python, carpet",Female,3/8/2024,29,false
Haiyan,Laniaurius atrococcineus,Crimson-breasted shrike,Nine-banded armadillo,Female,5/15/2023,9,true
Gonābād,Rhea americana,Gray rhea,Honey badger,Female,5/2/2023,27,false
Praia,Coluber constrictor,"Snake, racer",Banded mongoose,Female,9/10/2022,26,true
Guápiles,Taxidea taxus,American badger,"Sandgrouse, yellow-throated",Male,3/14/2024,8,true
Barotac Nuevo,Cervus unicolor,Sambar,White-winged tern,Female,10/19/2023,15,true
Shanlian,Butorides striatus,Striated heron,"Lion, australian sea",Male,11/18/2023,11,false
Kozova,Eutamias minimus,Least chipmunk,"Wombat, common",Male,4/13/2024,23,true
Cigebrok,Chordeiles minor,"Nighthawk, common",Swallow-tail gull,Female,7/20/2022,10,false
Poputnaya,Felis silvestris lybica,African wild cat,"Tamandua, southern",Female,11/27/2023,17,false
Meiktila,Tamandua tetradactyla,Southern tamandua,Striped skunk,Female,3/25/2024,1,true
Adiwerna,Dasyurus viverrinus,"Quoll, eastern","Armadillo, nine-banded",Female,9/19/2022,7,true
Três Pontas,Sciurus vulgaris,"Squirrel, eurasian red",Banded mongoose,Male,2/27/2024,13,false
Gradizhsk,Limnocorax flavirostra,African black crake,Comb duck,Male,7/10/2022,13,false
Toulouse,Coluber constrictor foxii,Blue racer,"Heron, goliath",Female,9/30/2023,16,true
Srednebelaya,Canis dingo,Dingo,"Oystercatcher, blackish",Female,10/31/2022,12,false
Sapernoye,Suricata suricatta,Suricate,African darter,Male,2/16/2024,4,true
Tafraout,Otaria flavescens,South American sea lion,Southern brown bandicoot,Female,2/27/2024,28,false
Lianovérgi,Anser anser,"Goose, greylag","Snake, western patch-nosed",Female,2/27/2023,16,true
San Juan Atitán,Papio cynocephalus,"Baboon, yellow",Magellanic penguin,Female,5/22/2023,8,true
Sarnaki,Phylurus milli,"Gecko, barking",Puna ibis,Male,9/29/2022,2,true
Wangliao,Cathartes aura,Turkey vulture,"Puma, south american",Male,1/27/2023,5,false
Bangil,Paradoxurus hermaphroditus,Toddy cat,Frog (unidentified),Female,5/28/2023,29,false
Akankpa,Ara ararauna,Blue and gold macaw,Brown antechinus,Male,8/18/2022,19,true
Kaskinen,Aegypius tracheliotus,Lappet-faced vulture,"Eagle, bald",Female,8/9/2022,19,true
Bukonyo,Macropus rufus,Red kangaroo,"Pheasant, ring-necked",Male,3/9/2024,22,false
Uruguaiana,Cynomys ludovicianus,Black-tailed prairie dog,Collared lizard,Female,5/15/2023,12,false
Gostivar,Anastomus oscitans,"Openbill, asian",Snowy egret,Male,3/31/2023,24,true
Pasembon,Epicrates cenchria maurus,Columbian rainbow boa,African black crake,Male,11/20/2022,28,true
Napoli,Corvus albicollis,White-necked raven,"Duck, comb",Male,1/4/2024,24,true
Looc,Mephitis mephitis,Striped skunk,"Chipmunk, least",Male,11/24/2022,27,true
Santo António da Charneca,Boselaphus tragocamelus,Nilgai,"Skink, african",Polygender,4/25/2023,25,true
Bollnäs,Iguana iguana,"Iguana, common green",Eastern fox squirrel,Male,3/28/2024,12,true
Honglan,Cebus albifrons,"Capuchin, white-fronted",Turkey vulture,Female,9/1/2022,4,false
Aş Şaff,Sylvicapra grimma,"Duiker, gray","Barbet, crested",Female,1/27/2023,28,false
Veinticinco de Mayo,Bettongia penicillata,Woylie,Ringtail cat,Male,8/29/2022,16,true
Ninghai,Trichosurus vulpecula,Golden brush-tailed possum,Black-crowned night heron,Male,7/1/2022,12,false
Okrika,Crotaphytus collaris,Collared lizard,White-faced tree rat,Male,7/13/2023,10,false
Kalmar,Sagittarius serpentarius,"Bird, secretary",American beaver,Male,1/31/2024,29,false
Gamut,Myotis lucifugus,Little brown bat,Peregrine falcon,Male,12/8/2022,24,false
Byerazino,Coluber constrictor foxii,Blue racer,Egyptian goose,Male,10/19/2022,19,true
Kalipucang,Cebus apella,Brown capuchin,Bent-toed gecko,Female,6/27/2022,15,true
Mas‘adah,Phoeniconaias minor,"Flamingo, lesser","Boa, malagasy ground",Male,12/14/2023,5,true
Kuantan,Macaca nemestrina,"Macaque, pig-tailed","Flamingo, lesser",Male,12/17/2023,16,false
Tanjay,Cabassous sp.,Eleven-banded armadillo (unidentified),"Wambenger, red-tailed",Male,7/5/2023,19,true
Petropavlovsk,Phylurus milli,Barking gecko,Pig-tailed macaque,Male,11/6/2023,21,false
Rizokárpaso,Tockus flavirostris,Yellow-billed hornbill,Agile wallaby,Male,5/4/2023,6,true
Sheffield,Ara chloroptera,"Macaw, red and blue",Long-billed cockatoo,Male,6/10/2023,5,false
Fuqiang,Aonyx cinerea,Oriental short-clawed otter,"Squirrel, malabar",Female,9/14/2022,29,true
Ramana,Actophilornis africanus,Lily trotter,Sulfur-crested cockatoo,Female,8/19/2023,16,false
Toul,Callorhinus ursinus,Northern fur seal,Crested porcupine,Male,12/7/2022,27,false
Jielin,unavailable,Hummingbird (unidentified),Vicuna,Male,12/4/2022,21,false
Anin,Bison bison,American bison,"Goose, knob-nosed",Non-binary,7/23/2022,19,true
Saint Paul,Phalaropus fulicarius,Red phalarope,"Phalarope, grey",Male,4/17/2023,10,true
Oxelösund,Haematopus ater,"Oystercatcher, blackish","Spider, wolf",Male,9/15/2022,11,false
Zavoronezhskoye,Upupa epops,"Hoopoe, eurasian","Squirrel, antelope ground",Female,11/2/2022,16,false
Hernández,Alligator mississippiensis,Mississippi alligator,Emu,Male,3/29/2023,17,false
Bezlyudivka,Macropus rufogriseus,Bennett's wallaby,"Eagle, bald",Male,1/29/2023,6,true
San Gabriel,Uraeginthus granatina,Violet-eared waxbill,"Raccoon, common",Male,12/24/2022,16,false
Orsk,Ceratotherium simum,Square-lipped rhinoceros,"Bandicoot, southern brown",Male,7/21/2022,8,false
Gaotian,Trachyphonus vaillantii,Levaillant's barbet,"Flamingo, roseat",Female,1/19/2024,10,true
Pančevo,Geospiza sp.,Darwin ground finch (unidentified),"Lizard, frilled",Male,7/7/2022,9,true
Hrádek,Lemur catta,Ring-tailed lemur,African bush squirrel,Female,10/11/2023,14,false
Novoselitsa,Pavo cristatus,"Peacock, blue",Common shelduck,Female,12/15/2023,28,true
Sri Jayewardenepura Kotte,Amblyrhynchus cristatus,"Iguana, marine","Eagle, crowned",Male,7/28/2023,14,false
Bator,Ursus maritimus,Polar bear,"Wallaby, bennett's",Agender,8/22/2022,23,false
Minas de Matahambre,Ursus americanus,American black bear,Sportive lemur,Female,11/28/2023,1,true
Yelenendorf,Bettongia penicillata,Woylie,Common turkey,Male,7/9/2023,15,false
Gaoxiang,Macropus rufogriseus,"Wallaby, bennett's",Madagascar hawk owl,Male,4/22/2023,27,false
Basiao,Recurvirostra avosetta,"Avocet, pied",Asiatic jackal,Male,12/21/2022,8,true
Chalon-sur-Saône,Alopochen aegyptiacus,Egyptian goose,Yellow-headed caracara,Male,11/30/2023,7,true
Enrile,Ceratotherium simum,"Rhinoceros, white",Common boubou shrike,Female,7/14/2023,5,false
Donskoy,Rhabdomys pumilio,"Mouse, four-striped grass",Southern black-backed gull,Male,4/28/2023,16,true
Sharkawshchyna,Phalaropus lobatus,Red-necked phalarope,"Wombat, southern hairy-nosed",Female,11/1/2023,21,false
Pasadena,Lamprotornis superbus,"Starling, superb",Red-cheeked cordon bleu,Male,12/31/2022,27,true
Aydūn,Macropus rufogriseus,Bennett's wallaby,Salmon pink bird eater tarantula,Male,7/21/2022,25,false
Żywiec,Felis serval,Serval,Tarantula,Male,11/25/2023,19,false
Taimaman,Sarcorhamphus papa,King vulture,Whip-tailed wallaby,Genderfluid,4/13/2024,12,false
Borda da Mata,Genetta genetta,"Genet, small-spotted",Klipspringer,Female,12/10/2022,28,true
La Joya,Drymarchon corias couperi,"Snake, eastern indigo",Vicuna,Male,12/2/2022,17,false
Colorado Springs,Ardea cinerea,Gray heron,"Bear, grizzly",Non-binary,10/11/2022,12,true
Chester,Papio cynocephalus,"Baboon, yellow",Hummingbird (unidentified),Male,5/20/2023,8,true
Lunao,Ninox superciliaris,White-browed owl,Nelson ground squirrel,Male,2/19/2024,4,false
Shahrak-e Bākharz,Manouria emys,Asian foreset tortoise,Purple grenadier,Male,7/22/2022,20,true
Sapu Padidu,Epicrates cenchria maurus,Columbian rainbow boa,Topi,Male,10/20/2023,12,true
Markaz-e Woluswalī-ye Āchīn,Ictalurus furcatus,Blue catfish,Southern hairy-nosed wombat,Male,1/29/2023,23,true
Shangrao,Panthera leo persica,Asian lion,Little cormorant,Female,8/31/2023,10,false
Kampokpok,Macropus agilis,Jungle kangaroo,Guanaco,Male,1/31/2023,7,true
Port-Cartier,Didelphis virginiana,American Virginia opossum,Grey fox,Male,2/20/2023,30,false
Abilay,Vicugna vicugna,Vicuna,"Rabbit, eastern cottontail",Male,1/7/2023,27,false
Yinkeng,Meles meles,"Badger, european","Monitor, two-banded",Female,4/17/2023,24,false
Carora,Coluber constrictor,"Racer, american",Short-nosed bandicoot,Female,11/19/2023,26,true
Pagnag,Ceratotherium simum,"Rhinoceros, white",Musk ox,Female,7/26/2023,2,true
Qaryat ad Da‘īs,Drymarchon corias couperi,"Snake, eastern indigo",Margay,Female,10/19/2023,18,false
Jaboatão,Larus dominicanus,Kelp gull,Malagasy ground boa,Male,2/2/2023,12,true
Shuangjing,Upupa epops,Eurasian hoopoe,"Monkey, black spider",Female,5/2/2023,12,false
Brusque,Acridotheres tristis,Indian mynah,Guerza,Female,5/8/2023,26,false
Kovdor,Coracias caudata,Lilac-breasted roller,Tawny eagle,Female,7/23/2023,3,true
Kafachan,Kobus defassa,Common waterbuck,Arctic fox,Female,6/19/2022,3,false
Lampang,Ephippiorhynchus mycteria,Jabiru stork,Cook's tree boa,Male,11/30/2023,13,true
Kujung,Spheniscus magellanicus,Magellanic penguin,"Trotter, lily",Genderfluid,10/13/2022,27,false
Sanshandao,Philetairus socius,Sociable weaver,House crow,Female,8/1/2023,28,false
Pinheiro Machado,Merops nubicus,Carmine bee-eater,"Grenadier, common",Genderfluid,8/6/2023,3,false
Tanzhesi,Alcelaphus buselaphus cokii,"Hartebeest, coke's",Black-tailed deer,Female,10/17/2023,11,true
Čair,Delphinus delphis,"Dolphin, common","Dog, raccoon",Female,6/1/2023,30,false
Motomiya,Bradypus tridactylus,Pale-throated three-toed sloth,"Flamingo, chilean",Female,8/13/2022,6,false
Balayong,Paraxerus cepapi,Smith's bush squirrel,Wild boar,Male,2/3/2024,17,true
Armenia,Trachyphonus vaillantii,Levaillant's barbet,Desert tortoise,Male,3/10/2024,23,true
Íos,Ramphastos tucanus,"Toucan, white-throated",Anaconda (unidentified),Genderfluid,11/14/2022,6,true
Návsí u Jablunkova,Scolopax minor,American woodcock,Carmine bee-eater,Male,6/16/2022,7,false
Kilkenny,Cyrtodactylus louisiadensis,"Gecko, bent-toed","Rhinoceros, white",Male,9/30/2022,21,true
Loreto,Trichosurus vulpecula,Common brushtail possum,Harbor seal,Male,8/23/2023,30,true
Bashtanka,Felis libyca,"Cat, cape wild","Rattlesnake, dusky",Male,8/26/2023,24,false
San Sebastian,Uraeginthus bengalus,"Bleu, red-cheeked cordon",White spoonbill,Female,11/8/2023,12,false
São Bento,Capreolus capreolus,Roe deer,Cobra (unidentified),Non-binary,5/12/2023,6,true
Francisco J Mujica,Nectarinia chalybea,"Sunbird, lesser double-collared","Capuchin, black-capped",Female,9/27/2022,27,false
Xinjiang,Lamprotornis nitens,Cape starling,Barrows goldeneye,Male,7/19/2022,15,false
Nanjing,Haliaetus vocifer,"Eagle, african fish",Javan gold-spotted mongoose,Female,1/1/2023,29,false
Binangun,Varanus sp.,"Lizard, goanna",Ground monitor (unidentified),Female,2/22/2023,13,true
Venezia,Conolophus subcristatus,Land iguana,Green-backed heron,Female,10/21/2022,9,false
Dadiya,Eolophus roseicapillus,"Cockatoo, roseate",Southern sea lion,Male,8/31/2023,9,true
Behābād,Macropus rufus,"Kangaroo, red","Zebra, common",Female,5/25/2023,25,false
Rumenka,Phalacrocorax brasilianus,Neotropic cormorant,Ringtail cat,Female,9/6/2023,22,false
Nghi Xuân,Thamnolaea cinnmomeiventris,"Cliffchat, mocking",Great white pelican,Female,5/5/2023,23,false
Kallífytos,Bubo virginianus,Great horned owl,"Duiker, gray",Male,11/20/2023,9,true
Donnacona,Ceratotherium simum,White rhinoceros,Field flicker,Male,9/23/2022,26,true
Kharkiv,Lycaon pictus,"Dog, african wild",Common zorro,Male,9/18/2022,22,true
Puro Pinget,Mycteria ibis,"Stork, yellow-billed","Magpie, australian",Female,9/13/2022,4,true
Vodnjan,Corvus brachyrhynchos,American crow,"Cliffchat, mocking",Male,11/7/2022,8,false
Yuscarán,Genetta genetta,"Genet, small-spotted",Woodchuck,Female,6/12/2023,10,true
Puricay,Ninox superciliaris,White-browed owl,"Weaver, red-billed buffalo",Male,11/1/2023,1,true
Lāchi,Tamiasciurus hudsonicus,"Squirrel, pine",Potoroo,Female,12/21/2022,21,false
Brušperk,Mustela nigripes,"Ferret, black-footed","Quail, gambel's",Female,10/20/2022,12,false
Ekerö,Felis silvestris lybica,European wild cat,"Seal, southern elephant",Male,3/3/2024,2,false
Barengkok,Fulica cristata,"Coot, red-knobbed","Possum, pygmy",Female,3/2/2024,4,true
Huangli,Ovis musimon,Mouflon,Columbian rainbow boa,Male,3/17/2023,6,false
Rybno,Acrobates pygmaeus,"Glider, feathertail","Vulture, black",Male,1/10/2024,2,false
Jincun,Canis lupus baileyi,"Wolf, mexican",Raccoon dog,Female,10/9/2023,14,true
Balitai,Sarcorhamphus papa,"Vulture, king","Polecat, african",Genderfluid,3/16/2024,18,true
Mattawa,Psittacula krameri,Rose-ringed parakeet,Snake-necked turtle,Male,7/10/2023,7,false
Fraile Pintado,Didelphis virginiana,"Opossum, american virginia","Capuchin, white-fronted",Female,8/29/2022,3,true
Loures,Anser anser,Greylag goose,Turkey vulture,Female,4/16/2023,22,true
Beilun,Varanus albigularis,"Monitor, white-throated",Mandras tree shrew,Female,10/11/2023,16,true
Kuala Terengganu,Phalacrocorax carbo,Great cormorant,Sambar,Male,1/5/2024,20,true
Weepanapi,Priodontes maximus,"Armadillo, giant",Brown capuchin,Male,7/10/2023,20,false
Lyubim,Carduelis uropygialis,Yellow-rumped siskin,American buffalo,Female,12/17/2022,15,true
Glubokiy,Anas bahamensis,Bahama pintail,Southern hairy-nosed wombat,Female,1/30/2023,8,true
Nong Kung Si,Macropus agilis,Jungle kangaroo,"Duck, comb",Female,7/27/2022,6,false
Ulluaya,Connochaetus taurinus,"Wildebeest, blue","Otter, african clawless",Female,8/12/2023,27,true
Mingshuihe,Dasyprocta leporina,Agouti,Black curlew,Female,10/17/2022,2,true
Varāmīn,Neotis denhami,"Bustard, stanley","Gull, swallow-tail",Female,3/29/2023,24,false
Liwale,unavailable,Civet (unidentified),Galapagos tortoise,Female,11/14/2023,11,true
Xinxian,Mazama americana,"Brocket, red","Sandgrouse, yellow-throated",Bigender,5/5/2023,24,false
Ternate,Neotoma sp.,Woodrat (unidentified),Egyptian viper,Female,11/22/2023,12,true
Gande,Passer domesticus,House sparrow,Arctic hare,Female,3/10/2024,13,false
Gutalac,Hystrix cristata,"Porcupine, african",Tiger snake,Female,8/3/2022,16,true
Arrabal,Cacatua galerita,"Cockatoo, sulfur-crested","Ibis, puna",Female,11/26/2023,9,true
Chengnan,Bucephala clangula,Common goldeneye,Ant (unidentified),Male,12/27/2023,19,true
Mendenrejo,Zalophus californicus,California sea lion,"Boubou, southern",Female,12/15/2023,28,true
Digos,Tamiasciurus hudsonicus,"Squirrel, pine","Weaver, lesser masked",Male,11/16/2022,25,false
Al Ḩāḑir,Damaliscus dorcas,Blesbok,"Butterfly, canadian tiger swallowtail",Female,3/23/2023,24,true
Huangyang,Grus antigone,Sarus crane,Killer whale,Female,2/24/2023,22,false
Elias Fausto,Macropus eugenii,Dama wallaby,"Turkey, australian brush",Male,7/10/2023,18,false
Buray,Ornithorhynchus anatinus,Platypus,"Duck, blue",Male,2/21/2023,13,true
Mazār-e Sharīf,Raphicerus campestris,Steenbok,Cereopsis goose,Male,12/2/2023,19,true
Paris 12,Gazella thompsonii,"Gazelle, thomson's","Bear, polar",Female,1/24/2023,26,false
Juradó,Calyptorhynchus magnificus,Red-tailed cockatoo,"Kingfisher, malachite",Male,5/17/2023,2,false
Finspång,Oncorhynchus nerka,Sockeye salmon,Rufous-collared sparrow,Male,3/11/2024,4,false
Komyshnya,Alopochen aegyptiacus,"Goose, egyptian","Dove, laughing",Female,7/19/2023,25,false
Valeirinha,Mustela nigripes,Black-footed ferret,Red-tailed wambenger,Male,6/28/2023,22,true
Nanshi,Felis silvestris lybica,European wild cat,Silver-backed fox,Female,8/8/2023,1,true
Zhirnovsk,Cabassous sp.,Eleven-banded armadillo (unidentified),"Lizard, desert spiny",Male,11/13/2022,28,true
Georgiyevsk,Tachyglossus aculeatus,Short-beaked echidna,Grey phalarope,Female,4/9/2023,6,true
Mawang,Ramphastos tucanus,White-throated toucan,"Porcupine, north american",Female,2/7/2024,1,true
Shymkent,Anhinga rufa,"Darter, african",Currasow (unidentified),Female,1/19/2023,19,true
Kināna,Cygnus atratus,"Swan, black","Eagle, crowned",Female,1/29/2023,13,true
Shiqiao,Snycerus caffer,African buffalo,Golden brush-tailed possum,Female,8/3/2022,27,false
Aguas del Padre,Tachyglossus aculeatus,"Anteater, australian spiny","Skunk, striped",Bigender,11/1/2022,30,false
Pustá Polom,Otocyon megalotis,"Fox, bat-eared","Langur, common",Male,1/8/2023,4,false
Era,Graspus graspus,"Crab, red lava","Heron, green",Female,2/19/2024,29,true
Länsi-Turunmaa,Suricata suricatta,Suricate,Spotted deer,Male,5/4/2023,19,false
Argithéa,Haliaeetus leucoryphus,Pallas's fish eagle,"Grouse, sage",Female,4/12/2023,5,true
Shewopo,Cereopsis novaehollandiae,"Goose, cape barren",Blackish oystercatcher,Female,10/18/2023,30,true
Inta,Herpestes javanicus,"Mongoose, javan gold-spotted","Goose, cape barren",Female,11/16/2023,17,false
Manggissari,Certotrichas paena,Kalahari scrub robin,"Cardinal, red-capped",Male,3/3/2023,27,false
Santa Cruz,Naja sp.,Cobra (unidentified),"Butterfly, tropical buckeye",Male,3/19/2023,13,false
Pai do Vento,Chloephaga melanoptera,"Goose, andean",Yellow-headed caracara,Female,4/5/2023,11,false
Pamarayan,Geospiza sp.,Darwin ground finch (unidentified),Plains zebra,Female,6/27/2023,27,true
Shaozhai,Aonyx capensis,"Otter, african clawless",Magnificent frigate bird,Genderqueer,12/21/2023,30,true
Lubukgadang,Zosterops pallidus,"White-eye, pale","Raven, cape",Male,3/14/2024,25,false
Suso,Pseudalopex gymnocercus,Azara's zorro,North American beaver,Female,10/30/2023,15,true
Aborlan,Ramphastos tucanus,"Toucan, white-throated",Two-banded monitor,Female,3/30/2023,27,false
Mercedes,Varanus salvator,Two-banded monitor,Woodchuck,Male,5/2/2023,25,true
Thomassique,Zosterops pallidus,Cape white-eye,"Rattlesnake, eastern diamondback",Female,1/15/2023,17,true
Ji’an,Ornithorhynchus anatinus,Platypus,Rufous tree pie,Male,7/12/2022,1,false
Tuofeng,Merops sp.,Bee-eater (unidentified),Southern tamandua,Male,11/12/2023,5,true
Combita,Sarkidornis melanotos,Knob-nosed goose,"Fowl, helmeted guinea",Female,8/23/2023,10,true
Bafia,Mellivora capensis,"Badger, honey","Insect, stick",Female,4/11/2024,26,true
Solok Timur,Mungos mungo,"Mongoose, banded","Goose, andean",Female,12/5/2023,7,false
Río Campo,Diceros bicornis,"Rhinoceros, black",Vervet monkey,Male,7/14/2022,9,true
Shah Alam,Pteronura brasiliensis,Brazilian otter,"Pie, indian tree",Female,1/31/2024,2,true
Aurora,Bubalus arnee,"Buffalo, wild water",Galapagos dove,Female,9/7/2022,14,true
Conduaga,Dasypus septemcincus,Seven-banded armadillo,"Rhea, gray",Female,7/4/2022,20,false
Pitogo,Hippotragus equinus,Roan antelope,"Cormorant, large",Male,10/12/2022,24,true
Freiburg im Breisgau,Spermophilus tridecemlineatus,"Squirrel, thirteen-lined",Serval,Male,2/12/2024,16,true
Silihe,Trichosurus vulpecula,"Possum, common brushtail","Stork, greater adjutant",Male,1/3/2024,19,true
Bojongbenteng,Lepus townsendii,"Jackrabbit, white-tailed",Yellow baboon,Female,3/21/2024,14,false
Esposende,Pelecans onocratalus,Eastern white pelican,Blue-breasted cordon bleu,Male,12/30/2023,4,false
Alukama,Equus burchelli,"Zebra, plains",Frilled lizard,Female,2/12/2024,21,false
Icó,Meleagris gallopavo,"Turkey, wild","Dragon, western bearded",Male,11/24/2022,7,true
San José,Dusicyon thous,"Zorro, common","Peacock, blue",Male,9/14/2023,27,false
Nzeto,Mirounga angustirostris,Northern elephant seal,Amazon parrot (unidentified),Bigender,4/4/2024,12,true
Ruilin,Uraeginthus bengalus,Red-cheeked cordon bleu,"Jackal, silver-backed",Female,12/15/2023,21,true
Xuanhua,unavailable,Cormorant (unidentified),"Stork, greater adjutant",Male,3/22/2023,23,true
Lokot’,Phascogale calura,Red-tailed phascogale,"Duck, mountain",Male,10/3/2022,3,true
Ludvika,Terrapene carolina,"Turtle, eastern box",European stork,Female,1/11/2024,16,false
Minūf,Semnopithecus entellus,"Langur, gray",Australian masked owl,Male,2/1/2023,22,true
Liujiachang,Boselaphus tragocamelus,Nilgai,"Otter, giant",Female,7/31/2023,30,true
La Concepción,Cracticus nigroagularis,Pied butcher bird,"Cormorant, little",Non-binary,9/5/2023,19,false
Jiang’an,Ceryle rudis,"Kingfisher, pied",Aardwolf,Male,2/11/2023,4,false
Желино,Libellula quadrimaculata,Four-spotted skimmer,Crested screamer,Male,12/3/2023,18,false
Pyra,Dusicyon thous,Savanna fox,"Wallaby, red-necked",Female,8/8/2022,19,false
Jönköping,Milvus migrans,"Kite, black",Plains zebra,Female,8/30/2022,3,true
Srbinovo,Diomedea irrorata,Waved albatross,Cape clawless otter,Male,7/6/2022,8,true
Muraloka,Funambulus pennati,Palm squirrel,"Beaver, european",Female,9/25/2023,21,false
Surin,Merops nubicus,Carmine bee-eater,Oriental short-clawed otter,Male,3/21/2023,23,false
Tayug,Acrantophis madagascariensis,"Constrictor, eastern boa",Common duiker,Female,8/7/2022,15,false
Sunne,Ateles paniscus,Black spider monkey,"Goose, snow",Genderqueer,9/19/2022,18,true
Arras,Funambulus pennati,Palm squirrel,"Kangaroo, eastern grey",Female,2/29/2024,11,false
Žiežmariai,Vanessa indica,Indian red admiral,African darter,Bigender,5/6/2023,6,true
Yunmeng Chengguanzhen,Grus rubicundus,Brolga crane,Ring-tailed lemur,Bigender,7/28/2022,10,true
Mawlamyinegyunn,Erinaceus frontalis,"Hedgehog, south african","Bear, sloth",Female,7/9/2022,5,false
Naples,Vulpes vulpes,"Fox, north american red","Shark, blue",Bigender,3/10/2023,1,false
Puconci,Larus dominicanus,Southern black-backed gull,"Goose, cereopsis",Female,2/10/2023,8,true
Boca Raton,Acrobates pygmaeus,"Possum, pygmy","Macaw, blue and yellow",Male,11/22/2023,30,false
Mojokerto,Terrapene carolina,"Turtle, eastern box",Red-billed tropic bird,Male,3/13/2024,10,true
Vientiane,Papilio canadensis,Canadian tiger swallowtail butterfly,Black-throated cardinal,Male,9/23/2023,6,false
Reda,Pavo cristatus,Blue peacock,"Fowl, helmeted guinea",Male,4/11/2023,22,true
Padabeunghar,Lutra canadensis,"Otter, canadian river","Beaver, eurasian",Male,1/3/2023,15,true
Keta,Ovis dalli stonei,"Sheep, stone",Asiatic jackal,Female,9/7/2022,22,false
Zilang,unavailable,Herring gull,Eurasian beaver,Male,11/16/2022,25,true
Mengmeng,Amblyrhynchus cristatus,"Iguana, marine",Greater sage grouse,Male,10/21/2023,10,true
Zapala,Tiliqua scincoides,Blue-tongued lizard,African snake (unidentified),Male,1/13/2023,18,true
Prochnookopskaya,Papio ursinus,Chacma baboon,"Pie, indian tree",Female,3/8/2023,1,false
Pryazha,Hystrix cristata,African porcupine,"Stork, painted",Female,3/12/2024,21,false
Caridade,Larus dominicanus,"Gull, kelp","Rattlesnake, dusky",Female,7/4/2023,9,false
Itigi,Prionace glauca,Blue shark,Steenbuck,Female,9/15/2023,25,true
Basiong,Ara chloroptera,"Macaw, green-winged","Snake, tiger",Male,7/5/2023,29,false
Novyy Urgal,Spermophilus richardsonii,"Squirrel, richardson's ground","Wolf, common",Female,12/2/2022,10,true
Ubonratana,Pteronura brasiliensis,Brazilian otter,Pig-tailed macaque,Female,8/28/2022,29,false
Qarāwul,Felis silvestris lybica,"Cat, kaffir",Clark's nutcracker,Male,3/8/2023,28,false
Yiyang,Bucephala clangula,Common goldeneye,Sociable weaver,Male,11/5/2023,16,true
Dukuhmencek Lor,Columba livia,"Dove, rock","Cormorant, great",Female,9/28/2023,2,false
Kajar,Vulpes vulpes,"Fox, north american red",Gila monster,Male,12/31/2023,4,true
San Francisco,Coendou prehensilis,"Porcupine, tree",Hawk-headed parrot,Female,8/28/2023,23,true
Cuauhtemoc,Sterna paradisaea,Arctic tern,Agouti,Male,12/27/2023,30,true
El Gouna,Buteo galapagoensis,"Hawk, galapagos","Bee-eater, white-fronted",Male,10/24/2023,1,true
Dzhayrakh,Ursus maritimus,Polar bear,Butterfly (unidentified),Male,12/29/2023,26,false
Psáry,Ratufa indica,Indian giant squirrel,Giant girdled lizard,Male,2/22/2023,15,false
Tari,unavailable,Hummingbird (unidentified),Frilled dragon,Male,2/1/2023,12,true
Živinice,Corvus albus,Pied crow,Lesser masked weaver,Genderfluid,11/7/2023,17,false
Piran,Naja nivea,"Cobra, cape","Heron, yellow-crowned night",Male,1/2/2024,23,false
Ar Riqqah,Ardea golieth,Goliath heron,"Robin, white-throated",Male,1/16/2024,9,false
Pudoc,Sarkidornis melanotos,Knob-nosed goose,"Duck, white-faced whistling",Male,4/9/2024,30,true
Nanterre,Raphicerus campestris,Steenbok,Red-tailed wambenger,Agender,9/27/2022,20,false
Žandov,Lamprotornis chalybaeus,"Starling, greater blue-eared","Nutcracker, clark's",Female,12/24/2022,26,false
Romanovskaya,Cebus apella,"Capuchin, black-capped",Red howler monkey,Male,8/13/2023,11,true
Santiago de las Vegas,Acrobates pygmaeus,"Glider, feathertail",Great cormorant,Female,10/2/2023,20,true
Valcheta,Aonyx cinerea,"Otter, small-clawed",Mountain lion,Male,4/12/2024,22,true
Jingmao,Lutra canadensis,"Otter, north american river","Raven, white-necked",Male,1/21/2024,5,false
Sinjil,Lycaon pictus,"Dog, african wild","Loris, slender",Male,6/16/2022,13,true
Bokor,Globicephala melas,"Whale, long-finned pilot",Black-backed magpie,Male,6/22/2022,23,true
Gjoçaj,Otaria flavescens,"Lion, southern sea",Killer whale,Female,7/5/2023,27,true
Mabua,Acrantophis madagascariensis,Eastern boa constrictor,"Squirrel, african bush",Female,11/4/2023,19,true
Ostrov,Erethizon dorsatum,North American porcupine,White spoonbill,Female,7/6/2023,8,false
Lívingston,Sarkidornis melanotos,Knob-nosed goose,Rhesus monkey,Male,3/6/2023,1,false
Ladário,Isoodon obesulus,Southern brown bandicoot,"Barbet, black-collared",Male,5/27/2023,7,false
Chaviña,unavailable,Civet (unidentified),Australian pelican,Male,5/3/2023,26,false
Abay,Trachyphonus vaillantii,"Barbet, levaillant's","Marten, american",Male,5/17/2023,30,true
Taitung City,Ephippiorhynchus mycteria,Black-necked stork,"Jackrabbit, white-tailed",Female,7/3/2022,10,true
Bačka Palanka,Eutamias minimus,"Chipmunk, least",North American red fox,Female,10/3/2023,27,true
Baytā al Fawqā,Terathopius ecaudatus,"Eagle, bateleur",Little cormorant,Female,3/14/2023,25,false
Balaogan,Ursus americanus,"Bear, black",European wild cat,Male,6/21/2023,22,false
Czarków,Laniarius ferrugineus,Southern boubou,"Lion, asian",Female,3/1/2024,17,true
Cikalong,Sagittarius serpentarius,Secretary bird,"Eland, common",Male,10/6/2022,27,false
Łaskarzew,Alopex lagopus,Arctic fox,Praying mantis (unidentified),Male,9/9/2022,15,true
Syracuse,Cracticus nigroagularis,Black-throated butcher bird,Desert spiny lizard,Male,10/23/2023,3,false
Marne-la-Vallée,Castor canadensis,American beaver,African wild dog,Male,11/17/2022,30,false
Kagoro,Haliaetus vocifer,"Eagle, african fish","Heron, gray",Male,9/28/2023,13,false
Yanzhou,Grus rubicundus,"Crane, brolga",Gerbil (unidentified),Female,1/1/2024,17,false
Grenoble,Porphyrio porphyrio,Purple moorhen,Platypus,Male,6/19/2023,7,true
Shchelkovo,unavailable,Civet (unidentified),"Heron, green-backed",Female,6/18/2022,20,false
Maiorca,Chauna torquata,Southern screamer,"Hare, arctic",Female,1/17/2024,23,true
Xitou,Mephitis mephitis,Striped skunk,Mountain goat,Female,8/19/2023,5,false
Jingguan,Toxostoma curvirostre,Curve-billed thrasher,"Jackal, golden",Male,7/29/2023,8,false
Riti,Oryx gazella,Gemsbok,Black-backed jackal,Female,10/16/2022,30,true
San Rafael Arriba,Coracias caudata,"Roller, lilac-breasted",Australian sea lion,Male,7/1/2022,10,false
São José,Ourebia ourebi,Oribi,Canada goose,Male,6/13/2023,29,true
Qiandeng,Cervus elaphus,"Deer, red","Meerkat, red",Male,12/5/2023,13,true
Sebulu,Ursus maritimus,Polar bear,"Polecat, african",Male,1/6/2023,29,false
Xingzi,Sula dactylatra,Blue-faced booby,Nelson ground squirrel,Female,8/2/2023,21,false
Qingu,Stercorarius longicausus,Long-tailed skua,"Duck, white-faced whistling",Female,11/2/2023,4,true
Chechenglu,Gazella thompsonii,"Gazelle, thomson's",White-bellied sea eagle,Male,11/1/2022,2,false
Amherst,Chauna torquata,"Screamer, southern",Eastern fox squirrel,Female,6/16/2022,15,false
Pocohuanca,Spermophilus richardsonii,Richardson's ground squirrel,"Macaw, scarlet",Female,10/10/2022,30,false
Roubaix,Ictonyx striatus,African polecat,"Ibis, puna",Female,12/6/2022,17,true
Marialva,Coluber constrictor,"Racer, american",Crested porcupine,Female,2/3/2024,2,false
Saint-Quentin-en-Yvelines,Macropus giganteus,Eastern grey kangaroo,European spoonbill,Female,4/17/2023,3,false
Den Chai,Cracticus nigroagularis,"Bird, black-throated butcher",Knob-nosed goose,Female,5/10/2023,24,false
Pushkino,Scolopax minor,"Woodcock, american",Oriental short-clawed otter,Non-binary,6/18/2022,13,false
Hongqi,Lutra canadensis,Canadian river otter,Turtle (unidentified),Male,3/21/2024,12,true
Xianyang,Papio cynocephalus,"Baboon, savanna","Lion, steller sea",Female,7/29/2023,30,false
Benito Juarez,unavailable,Gecko (unidentified),"Rhinoceros, square-lipped",Female,7/12/2022,16,true
Panjerrejo,Haliaetus leucogaster,White-bellied sea eagle,African wild dog,Male,4/4/2024,19,true
Turus,Milvus migrans,"Kite, black",Long-billed corella,Female,12/30/2022,25,true
Lípa,Lorythaixoides concolor,"Bird, bare-faced go away",Roseat flamingo,Female,8/17/2023,2,true
Yangjia,unavailable,Turtle (unidentified),Carpet snake,Female,11/21/2023,4,true
Changjiang,Diomedea irrorata,Galapagos albatross,Springbuck,Female,10/22/2022,7,false
Leones,Spizaetus coronatus,"Hawk-eagle, crowned","Insect, stick",Male,7/27/2022,21,true
Vir,Varanus salvator,"Monitor, water",Egyptian cobra,Female,8/17/2022,11,false
Kalininskiy,Cynictis penicillata,Red meerkat,Ground legaan,Female,11/23/2023,5,false
Liloan,Equus burchelli,"Zebra, plains","Squirrel, european red",Male,12/25/2023,10,false
Lekas,Cervus duvauceli,Barasingha deer,Black-necked stork,Male,8/30/2023,4,false
Kuching,Pteropus rufus,Madagascar fruit bat,Steller sea lion,Male,4/4/2024,2,false
Peimei,Nyctea scandiaca,"Owl, snowy","Turkey, australian brush",Male,2/2/2023,7,false
Mbale,Vulpes chama,"Fox, cape","Falcon, peregrine",Female,1/16/2023,23,true
Hisings Kärra,unavailable,Pocket gopher (unidentified),"Skink, blue-tongued",Female,12/26/2022,3,true
Loay,Macropus agilis,"Wallaby, agile",Woodchuck,Male,11/3/2022,8,true
Bendorubuh,Phoenicopterus ruber,"Flamingo, greater",Field flicker,Female,1/29/2023,28,false
Uglich,Paroaria gularis,"Cardinal, black-throated","Stork, marabou",Female,8/17/2022,21,false
Babatngon,Propithecus verreauxi,"Sifaka, verreaux's",Bat-eared fox,Female,8/21/2022,13,false
Villa Paula de Sarmiento,Leipoa ocellata,Malleefowl,"Squirrel, eurasian red",Female,1/11/2023,24,true
Lý Sơn,Felis wiedi or Leopardus weidi,Margay,Black-crowned night heron,Male,1/20/2024,12,false
Weton,Anthropoides paradisea,Blue crane,"Duiker, gray",Male,10/30/2022,1,false
Židlochovice,Larus dominicanus,Southern black-backed gull,Ibex,Male,12/29/2023,22,false
Jimsar,Rangifer tarandus,Caribou,Asiatic jackal,Male,12/8/2022,20,true
Mizusawa,Ceratotherium simum,"Rhinoceros, square-lipped","Owl, great horned",Male,9/4/2022,22,true
Anhua Daying,Passer domesticus,"Sparrow, house",Kongoni,Female,7/2/2023,25,true
Ladhewāla Warāich,Plegadis ridgwayi,"Ibis, puna","Falcon, prairie",Male,1/4/2024,16,false
Biggar,Ceryle rudis,"Kingfisher, pied",Madagascar hawk owl,Male,11/29/2022,23,true
Walakeri,Varanus sp.,Goanna lizard,"Dove, little brown",Male,7/3/2023,30,true
Campos Belos,Picoides pubescens,"Woodpecker, downy",King vulture,Female,11/18/2022,24,false
Charopó,Uraeginthus granatina,Violet-eared waxbill,"Cat, toddy",Male,3/22/2023,14,true
Maturín,Corvus albus,"Crow, pied","Grouse, greater sage",Female,12/18/2022,27,true
Vranje,Chlidonias leucopterus,White-winged tern,Savannah deer,Female,10/17/2022,24,true
Bangbayang Kaler,Eudyptula minor,"Penguin, little blue","Dragon, western bearded",Male,8/9/2022,26,false
Araçuaí,Hymenolaimus malacorhynchus,Mountain duck,Sockeye salmon,Male,7/9/2023,19,false
Perlez,Thalasseus maximus,"Tern, royal","Beaver, north american",Female,7/10/2022,15,false
Žleby,Ara chloroptera,Green-winged macaw,"Seal, southern elephant",Female,6/30/2022,27,false
Aksu,Meleagris gallopavo,"Turkey, wild",Agama lizard (unidentified),Female,2/29/2024,4,false
Standerton,Corythornis cristata,"Kingfisher, malachite",White-faced tree rat,Male,1/22/2023,11,true
Kouzhen,Meles meles,European badger,Springbok,Female,12/11/2023,12,true
San Antonio,Phascogale calura,Red-tailed phascogale,Southern black-backed gull,Female,8/19/2022,23,false
Bundoc,Libellula quadrimaculata,Russian dragonfly,Greater rhea,Female,7/23/2022,11,false
Laotai,Phoenicopterus chilensis,Chilean flamingo,Mocking cliffchat,Male,2/27/2023,24,true
Vilque,Canis latrans,Coyote,"Crane, wattled",Female,3/12/2024,7,true
Bonga,Himantopus himantopus,Black-winged stilt,"Mynah, common",Male,11/13/2022,16,false
Palalang,Macropus rufogriseus,Bennett's wallaby,Green-winged trumpeter,Female,11/16/2022,15,false
La Mohammedia,Perameles nasuta,Long-nosed bandicoot,"Deer, red",Female,10/28/2023,26,false
Farriar,Diomedea irrorata,"Albatross, waved",Malabar squirrel,Female,3/10/2024,29,false
Devesa,Haliaetus leucogaster,"Eagle, white-bellied sea",Small-spotted genet,Female,11/7/2023,10,false
Maoming,Ara macao,Scarlet macaw,Cape raven,Bigender,9/12/2023,21,true
Coasa,Microcebus murinus,"Lemur, grey mouse",Coke's hartebeest,Male,12/2/2022,13,false
Mensalong,Laniaurius atrococcineus,Burchell's gonolek,"Bandicoot, long-nosed",Male,10/19/2023,10,true
Sinarbakti,Damaliscus dorcas,Bontebok,"Owl, madagascar hawk",Female,12/26/2022,21,true
Mococa,Equus burchelli,"Zebra, plains",Land iguana,Male,8/4/2023,14,true
Yanhe,Macropus robustus,Common wallaroo,"Stork, greater adjutant",Male,5/2/2023,18,true
Vykhino-Zhulebino,Fratercula corniculata,"Puffin, horned",Long-billed corella,Male,4/6/2024,16,false
Fenglai,Neotis denhami,"Bustard, stanley",Giant heron,Male,2/4/2023,20,false
Chishan,Macaca nemestrina,"Macaque, pig-tailed","Hen, sage",Female,12/28/2023,3,true
Mayma,Eolophus roseicapillus,Galah,Brush-tailed bettong,Female,7/15/2023,4,true
Herval,Haliaeetus leucoryphus,"Eagle, pallas's fish","Deer, spotted",Female,5/30/2023,8,true
Pieńsk,Varanus sp.,Goanna lizard,Black-cheeked waxbill,Female,3/16/2024,7,false
Yongtai,Cochlearius cochlearius,"Heron, boat-billed",Malay squirrel (unidentified),Agender,7/30/2022,19,false
Longquan,Motacilla aguimp,"Wagtail, african pied",Eastern diamondback rattlesnake,Female,5/20/2023,24,false
Larangan,Irania gutteralis,"Robin, white-throated","Finch, common melba",Male,2/28/2024,18,false
Mingyu,Odocoileus hemionus,"Deer, black-tailed","Cormorant, little",Female,4/8/2023,7,true
James Craik,Morelia spilotes variegata,"Snake, carpet","Badger, european",Male,10/25/2022,26,true
Pingshui,Alcelaphus buselaphus caama,Red hartebeest,Black kite,Genderqueer,3/2/2023,18,true
Paratinga,Dasypus novemcinctus,"Armadillo, nine-banded","Hawk, ferruginous",Female,3/30/2023,29,true
Melíssia,Macropus robustus,Euro wallaby,"Cat, jungle",Male,11/28/2022,6,false
Bera,Limnocorax flavirostra,African black crake,"Stork, jabiru",Male,10/22/2022,22,true
Tandahimba,Phoeniconaias minor,Lesser flamingo,Little brown bat,Female,10/18/2022,17,false
Piancheng,Bubo virginianus,Great horned owl,Arctic hare,Female,8/28/2023,10,true
Kowale,Gazella thompsonii,"Gazelle, thomson's",Cattle egret,Male,3/18/2023,20,false
Shicheng,Dasyprocta leporina,Agouti,"Capuchin, black-capped",Female,11/27/2022,17,true
San Lorenzo,Microcebus murinus,Lesser mouse lemur,Malay squirrel (unidentified),Female,11/6/2023,23,false
Annan,Chlidonias leucopterus,"Tern, white-winged black","Wallaroo, common",Female,7/28/2023,9,true
Pukou,Speotyte cuniculata,Burrowing owl,Brown pelican,Genderqueer,2/9/2023,22,false
Cereté,Ciconia episcopus,"Stork, white-necked",Tawny eagle,Male,11/27/2022,19,true
Brodósqui,Perameles nasuta,Long-nosed bandicoot,Emerald green tree boa,Male,8/21/2022,8,true
Catu,Naja haje,Egyptian viper,Bonnet macaque,Agender,1/19/2023,8,true
Liulin,Laniaurius atrococcineus,Burchell's gonolek,"Dragon, frilled",Female,3/18/2023,10,false
Haputale,Amazona sp.,Amazon parrot (unidentified),"Antelope, sable",Male,7/20/2023,6,false
Ferraz de Vasconcelos,Tapirus terrestris,"Tapir, brazilian","Dragon, komodo",Female,2/16/2024,13,false
Gornyak,Parus atricapillus,Black-capped chickadee,"Wallaby, agile",Polygender,7/29/2023,30,true
Xiashuitou,Cygnus buccinator,"Swan, trumpeter",African darter,Male,11/27/2023,1,true
Borås,Stercorarius longicausus,"Jaeger, long-tailed","Wallaby, whip-tailed",Agender,1/19/2024,5,true
Ryūgasaki,Bison bison,American buffalo,"Dog, bush",Female,10/23/2023,1,false
Tianxin,Tetracerus quadricornis,Four-horned antelope,"Deer, savannah",Female,3/8/2024,21,false
Sulkava,Cynomys ludovicianus,Black-tailed prairie dog,"Trumpeter, dark-winged",Female,11/25/2023,25,true
Shibi,Chordeiles minor,Common nighthawk,Cape Barren goose,Female,9/10/2023,12,false
Taiba,Ovibos moschatus,"Ox, musk",Spotted-tailed quoll,Male,3/7/2023,27,true
Melíssia,Crotalus cerastes,"Rattlesnake, horned","Dove, laughing",Female,11/19/2023,19,true
Pātan,Butorides striatus,"Heron, little",Yellow-crowned night heron,Female,6/3/2023,6,false
Pomichna,Canis aureus,Asiatic jackal,"Oystercatcher, blackish",Female,7/13/2023,8,true
Pegongan,Ourebia ourebi,Oribi,"Vulture, white-rumped",Male,6/14/2022,18,false
Gyumri,Eumetopias jubatus,"Lion, steller sea",Greater adjutant stork,Female,1/18/2024,12,false
Shuiyin,Cordylus giganteus,"Sungazer, yellow-brown",Black-capped capuchin,Female,11/29/2023,1,false
Tianmen,Falco peregrinus,"Falcon, peregrine",Three-banded plover,Female,6/1/2023,2,true
Colonia Mauricio José Troche,Haliaetus leucogaster,"Eagle, white-bellied sea",Blue crane,Male,7/17/2022,4,false
Gaokan,Vulpes vulpes,North American red fox,Black curlew,Male,12/22/2023,6,true
Yashio-shi,Gyps bengalensis,Bengal vulture,"Plover, blacksmith",Male,2/26/2024,29,false
Sigetec,Hymenolaimus malacorhynchus,"Duck, blue",Clark's nutcracker,Genderfluid,9/11/2023,28,true
Jokkmokk,Odocoilenaus virginianus,White-tailed deer,Common brushtail possum,Male,9/21/2022,20,true
Nassarawa,Acridotheres tristis,Indian mynah,Pampa gray fox,Female,11/17/2023,17,false
Fuji,Lemur fulvus,"Lemur, brown",Western bearded dragon,Female,2/29/2024,29,false
Shanguang,Sitta canadensis,"Nuthatch, red-breasted","Dog, raccoon",Male,11/6/2022,14,true
Moengo,Pitangus sulphuratus,"Kiskadee, great",Gaur,Female,8/4/2022,13,true
Belmullet,Pseudocheirus peregrinus,Common ringtail,"Fox, bat-eared",Male,11/30/2023,3,false
Matango,Vanessa indica,Indian red admiral,"Fox, asian red",Female,1/2/2024,26,false
Psachná,unavailable,Ant (unidentified),White-faced tree rat,Male,5/10/2023,21,true
Cullhuas,Pseudoleistes virescens,Brown and yellow marshbird,"Bird, red-billed tropic",Female,3/10/2024,12,true
Carrasqueira,Microcebus murinus,"Lemur, grey mouse",Giraffe,Female,4/22/2023,19,false
Shaxi,Macropus robustus,"Wallaroo, common","Dragonfly, russian",Female,7/6/2022,8,true
Aoqiao,Castor fiber,European beaver,"Weaver, white-browed sparrow",Female,11/27/2022,8,true
Ribeirão Preto,Myiarchus tuberculifer,Tyrant flycatcher,South American meadowlark (unidentified),Male,1/6/2024,15,false
Khryashchevka,Alopex lagopus,Blue fox,Buttermilk snake,Female,1/8/2024,24,false
Jiangqiao,Phalaropus lobatus,"Phalarope, red-necked",Warthog,Female,4/18/2023,10,true
Mātli,Nyctereutes procyonoides,Raccoon dog,"Elephant, asian",Female,3/28/2024,9,true
Bålsta,Aquila chrysaetos,Golden eagle,"Teal, hottentot",Female,10/26/2023,30,true
Tønsberg,Varanus salvator,"Legaan, water","Lizard, collared",Female,10/26/2023,25,true
Arrën,Spermophilus richardsonii,Richardson's ground squirrel,Great egret,Male,12/8/2023,19,false
Zhouzhuang,Paraxerus cepapi,Smith's bush squirrel,Red meerkat,Female,8/20/2023,11,false
Pasirlimus,Oreamnos americanus,Mountain goat,"Owl, burrowing",Female,9/19/2022,28,false
Fuwen,Eudyptula minor,Little blue penguin,"Macaw, scarlet",Male,11/28/2022,11,false
Bagroy,Dusicyon thous,Crab-eating fox,Japanese macaque,Female,10/27/2023,16,true
Batulawang,Buteo galapagoensis,Galapagos hawk,Giant armadillo,Male,11/25/2022,12,false
Nyandoma,Microcebus murinus,Grey mouse lemur,Ferruginous hawk,Male,9/13/2023,7,true
Esquipulas,Larus dominicanus,Southern black-backed gull,Ring-tailed lemur,Female,12/13/2023,22,true
Mulhouse,Lama pacos,Alpaca,Coyote,Female,7/7/2022,11,false
Palapye,Aegypius occipitalis,"Vulture, white-headed",Flightless cormorant,Male,1/23/2024,25,true
Lianghe,Bubulcus ibis,"Egret, cattle",Puma,Female,1/19/2023,18,false
Sampaloc,Pitangus sulphuratus,Great kiskadee,Kongoni,Female,2/24/2023,27,false
Hisya,Galictis vittata,Huron,White-throated robin,Female,6/26/2023,18,false
Nova Petrópolis,Stenella coeruleoalba,"Dolphin, striped","Skua, great",Female,4/14/2024,29,false
Izbicko,Oreamnos americanus,"Goat, mountain","Eagle, golden",Male,3/7/2024,13,false
Xiying,Graspus graspus,Sally lightfoot crab,"Catfish, blue",Female,1/14/2024,8,true
Jidd Ḩafş,Phalaropus lobatus,"Phalarope, red-necked","Toucan, white-throated",Female,2/17/2024,20,true
Pakisaji,Physignathus cocincinus,Asian water dragon,"Gazelle, thomson's",Female,8/13/2023,2,false
Bagombong,Thamnolaea cinnmomeiventris,Mocking cliffchat,"Heron, boat-billed",Genderfluid,10/25/2023,10,true
Nashville,unavailable,Snake (unidentified),"Heron, little",Female,8/29/2023,15,false
Anding,Lybius torquatus,Black-collared barbet,Giant anteater,Male,7/1/2022,5,false
Jatobá,Mirounga leonina,Southern elephant seal,"Heron, black-crowned night",Female,9/20/2022,5,true
Uścimów Stary,Boa caninus,Emerald green tree boa,Darwin ground finch (unidentified),Female,10/22/2023,15,true
Candelaria,Phalaropus fulicarius,Red phalarope,White-tailed jackrabbit,Male,10/11/2022,6,true
Uujim,Calyptorhynchus magnificus,"Cockatoo, red-tailed",Little brown bat,Male,6/25/2022,16,false
Nong Hin,Tadorna tadorna,Common shelduck,European beaver,Male,8/16/2022,7,false
Yelizavetinskoye,Ctenophorus ornatus,"Dragon, ornate rock",Roan antelope,Male,7/20/2022,14,true
Baroh,Cervus canadensis,"Elk, Wapiti","Otter, cape clawless",Male,1/22/2023,6,true
Kočevje,Tachybaptus ruficollis,Dabchick,"Colobus, black and white",Male,6/4/2023,6,false
Saubara,Ephipplorhynchus senegalensis,Saddle-billed stork,Yellow-brown sungazer,Male,9/22/2023,28,true
Synya,Iguana iguana,"Iguana, common green","Deer, roe",Male,8/26/2022,12,false
Maputo,Pandon haliaetus,Osprey,Large-eared bushbaby,Male,11/6/2022,16,false
Panglanjan,Ursus americanus,"Bear, black",Stick insect,Male,11/10/2022,14,true
Pasiripis,Coluber constrictor,Racer snake,"Hornbill, yellow-billed",Male,12/14/2022,11,true
Baturaja,Vulpes cinereoargenteus,Grey fox,Koala,Male,12/26/2023,25,false
Mieszkowice,Hippotragus niger,"Antelope, sable","Baboon, yellow",Female,2/23/2024,3,false
Liuhe,Ursus americanus,American black bear,Eastern boa constrictor,Genderqueer,10/7/2022,17,false
Jinta,Phalacrocorax albiventer,King cormorant,Red-billed buffalo weaver,Female,8/30/2023,29,true
Vänersborg,Neophron percnopterus,"Vulture, egyptian","Iguana, common green",Female,1/23/2023,20,false
Meringkik,Egretta thula,"Egret, snowy",River wallaby,Non-binary,11/14/2022,21,false
Aqtaū,Bucorvus leadbeateri,Leadbeateri's ground hornbill,"Kingfisher, malachite",Male,4/15/2024,27,false
Goroka,Canis aureus,Golden jackal,Marine iguana,Male,12/16/2023,14,true
Jiuxian,Spermophilus armatus,"Squirrel, uinta ground",Red-capped cardinal,Female,8/23/2022,19,true
Skellefteå,Platalea leucordia,White spoonbill,Bald eagle,Male,8/17/2022,4,false
Huallanca,Macaca fuscata,Japanese macaque,"Eagle, white-bellied sea",Male,3/22/2024,29,true
Mingcheng,Dasyurus maculatus,Tiger cat,"Cormorant, great",Bigender,10/2/2022,25,true
Dampit Satu,Ornithorhynchus anatinus,Platypus,Yellow baboon,Female,4/9/2024,2,true
Skorogoszcz,Climacteris melanura,"Creeper, black-tailed tree","Porcupine, prehensile-tailed",Female,2/4/2024,6,true
Changyuan,Conolophus subcristatus,Land iguana,Manatee,Female,8/27/2023,23,false
Parnaíba,Larus dominicanus,Kelp gull,Cheetah,Female,8/23/2022,3,false
Beruniy,Cygnus buccinator,Trumpeter swan,Sun gazer,Female,3/29/2023,20,true
New Leyte,Cacatua tenuirostris,Long-billed cockatoo,"Owl, white-browed",Male,9/16/2023,10,true
Cihideung Satu,Cordylus giganteus,Sun gazer,Sidewinder,Female,2/28/2023,18,true
Uryupinsk,Cebus albifrons,White-fronted capuchin,"Otter, oriental short-clawed",Female,11/5/2023,9,true
Yuchi,Sylvicapra grimma,Common duiker,"Sheep, stone",Female,5/22/2023,12,true
Ares Tengah,Gyps bengalensis,Bengal vulture,Nelson ground squirrel,Male,12/25/2023,9,true
Ruma,Naja haje,"Viper, egyptian",Australian brush turkey,Female,9/25/2023,22,true
Jinhua,Stercorarius longicausus,Long-tailed skua,"Butterfly, tropical buckeye",Female,1/3/2023,23,true
Glasgow,Cyrtodactylus louisiadensis,Bent-toed gecko,Pale-throated three-toed sloth,Female,3/15/2024,24,false
Mingyu,Papio cynocephalus,Savanna baboon,Painted stork,Male,3/1/2024,23,false
Sobotka,Callipepla gambelii,"Quail, gambel's","Crane, sandhill",Female,8/3/2023,25,false
Bagakay,Ovis canadensis,American bighorn sheep,Striated heron,Female,2/14/2023,26,true
Ferapontovo,Canis latrans,Coyote,Baleen whale,Female,1/16/2024,23,false
Mascote,Haematopus ater,"Oystercatcher, blackish",Red-capped cardinal,Female,8/19/2022,25,false
Zhongxiang,Macropus parryi,"Wallaby, whip-tailed",White-lipped peccary,Female,8/1/2022,16,false
Chayuan,Lorythaixoides concolor,Bare-faced go away bird,Meerkat,Male,12/19/2023,23,false
Ostrowite,Phylurus milli,Barking gecko,Topi,Male,1/16/2024,25,true
Chetian,Phalaropus lobatus,"Phalarope, red-necked","Bat, asian false vampire",Female,3/9/2023,20,true
Tiecun,Pelecanus occidentalis,"Pelican, brown","Godwit, hudsonian",Genderqueer,1/29/2024,8,true
Cassilândia,Oreamnos americanus,"Goat, mountain",Great horned owl,Female,2/10/2023,29,false
Guacamaya,Libellula quadrimaculata,Four-spotted skimmer,Bee-eater (unidentified),Female,8/31/2022,3,true
Mendeleyevsk,Pseudocheirus peregrinus,Common ringtail,Magistrate black colobus,Female,2/26/2023,2,false
Santa Maria,Connochaetus taurinus,Brindled gnu,"Sloth, hoffman's",Male,7/1/2022,4,true
Chunxi,Alcelaphus buselaphus cokii,"Hartebeest, coke's","Bird, magnificent frigate",Female,9/4/2023,19,true
Tulcán,Naja sp.,Cobra (unidentified),North American porcupine,Female,10/23/2022,26,true
Mabay,Eumetopias jubatus,"Lion, steller's sea",Ringtail cat,Female,9/1/2023,4,false
Polanka Wielka,Carduelis pinus,"Siskin, pine",Hawk-headed parrot,Female,2/21/2023,29,false
Notre-Dame-des-Prairies,Raphicerus campestris,Steenbuck,African wild cat,Male,3/5/2024,21,false
Caba,Thylogale stigmatica,"Pademelon, red-legged","Gonolek, burchell's",Male,11/4/2023,7,true
Cikijing,Bison bison,American bison,Mountain lion,Female,5/30/2023,25,true
Shiqiaotou,Anhinga rufa,"Darter, african","Kangaroo, eastern grey",Male,12/24/2023,7,true
Kebunan,Tadorna tadorna,Common shelduck,"Robin, kalahari scrub",Male,9/2/2022,28,false
Kudang,Ara ararauna,Blue and gold macaw,"Jacana, african",Female,2/22/2023,28,true
Górki Wielkie,Ovis ammon,Red sheep,"Hawk, ferruginous",Male,10/29/2023,19,true
Ulster Spring,Boa constrictor mexicana,Mexican boa,Little grebe,Non-binary,11/18/2023,26,false
Sabi,Chlamydosaurus kingii,"Lizard, frilled","Ibis, sacred",Female,8/2/2023,21,false
Guarujá,Chlidonias leucopterus,White-winged black tern,Levaillant's barbet,Male,10/30/2023,4,false
Paris 04,Tamiasciurus hudsonicus,"Squirrel, pine","Flamingo, chilean",Male,6/22/2022,4,false
Shchëkino,Grus canadensis,Sandhill crane,Tammar wallaby,Genderfluid,1/5/2024,21,false
Santa Monica,Galictis vittata,Grison,Indian leopard,Female,3/24/2023,23,false
Spirovo,Odocoilenaus virginianus,"Deer, white-tailed",Sandhill crane,Male,8/28/2023,4,false
Conceição do Jacuípe,Alopex lagopus,Blue fox,Native cat,Female,1/25/2024,28,true
Independencia,Ninox superciliaris,"Owl, madagascar hawk","Lynx, african",Male,2/20/2023,9,false
Oklahoma City,Tachybaptus ruficollis,Dabchick,Hudsonian godwit,Male,9/9/2022,2,true
Khairpur,Limosa haemastica,Hudsonian godwit,"Deer, mule",Female,2/26/2024,2,false
Montaneza,Stercorarius longicausus,Long-tailed jaeger,"Mongoose, small indian",Male,8/13/2023,8,false
Urazovka,Gyps bengalensis,"Vulture, oriental white-backed","Brocket, red",Male,8/8/2022,23,true
Calumpang,Pteropus rufus,"Bat, madagascar fruit",Hanuman langur,Non-binary,11/5/2022,15,false
Kendayakan,Sitta canadensis,Red-breasted nuthatch,Reindeer,Female,8/31/2023,1,true
Bayt Maqdūm,Cochlearius cochlearius,"Heron, boat-billed",Common brushtail possum,Non-binary,1/7/2024,1,false
Pasireurih,Tamiasciurus hudsonicus,"Squirrel, pine",White-winged tern,Female,10/31/2022,17,true
Yaizu,Branta canadensis,"Goose, canada",Giraffe,Male,7/29/2022,2,true
Fubei,Gyps fulvus,Griffon vulture,Chilean flamingo,Male,3/27/2024,17,true
Bojongloa,Bettongia penicillata,"Kangaroo, brush-tailed rat","Legaan, water",Female,11/9/2023,21,false
San Buenaventura,Bubo virginianus,Great horned owl,"Grenadier, purple",Male,11/30/2023,23,true
Banjar Madangan Kaja,Ursus arctos,Grizzly bear,River wallaby,Male,2/16/2024,18,true
Kankan,Lutra canadensis,"Otter, north american river","Fox, savanna",Female,1/19/2024,28,true
Pucacaca,Graspus graspus,"Crab, red lava","Stilt, black-winged",Female,8/6/2023,30,false
Shalkar,Ateles paniscus,"Monkey, black spider","Egret, cattle",Genderqueer,1/18/2023,1,false
Tari,Anas punctata,"Teal, hottentot",Bonnet macaque,Male,5/4/2023,17,true
Xinchengzi,Microcebus murinus,"Lemur, grey mouse",Common ringtail,Male,8/6/2022,10,false
Fylí,Ursus arctos,Grizzly bear,"Badger, european",Female,2/5/2024,11,false
Nggalak,Trachyphonus vaillantii,Levaillant's barbet,Bontebok,Female,6/6/2023,27,false
Werota,Nesomimus trifasciatus,Galapagos mockingbird,Brown capuchin,Male,4/29/2023,12,true
Rislane,Rhea americana,Gray rhea,"Magpie, black-backed",Non-binary,7/18/2023,23,true
Lanshan,Myiarchus tuberculifer,"Flycatcher, tyrant",Canadian river otter,Agender,10/3/2023,12,true
Khūgyāṉī,Zenaida asiatica,"Dove, white-winged",Sugar glider,Male,7/17/2022,20,false
Tshela,Macropus rufogriseus,"Wallaby, bennett's",Southern elephant seal,Agender,2/9/2024,30,false
Huiqi,Amazona sp.,Amazon parrot (unidentified),"Dove, mourning collared",Male,10/31/2022,30,true
Kuala Lumpur,Eubalaena australis,Southern right whale,"Bunting, crested",Female,11/10/2023,21,true
Taiyangling,Otocyon megalotis,"Fox, bat-eared","Bat, little brown",Male,9/27/2022,19,false
Navotas,Corvus brachyrhynchos,"Crow, american",Silver gull,Male,8/18/2022,12,false
Umbuldamar,Oxybelis fulgidus,"Snake, green vine",Kalahari scrub robin,Polygender,4/4/2024,11,false
Meget,Chlidonias leucopterus,White-winged black tern,Llama,Female,1/30/2023,3,false
Roshchino,Zonotrichia capensis,"Sparrow, rufous-collared","Dolphin, striped",Male,7/8/2022,11,true
Masons Bay,unavailable,Caracara (unidentified),Four-horned antelope,Female,12/13/2022,16,false
Xilong,Genetta genetta,"Genet, small-spotted","Porcupine, tree",Female,4/5/2024,28,false
Benger,Merops nubicus,Carmine bee-eater,"Lemming, collared",Female,7/17/2023,6,true
Bisert’,Taxidea taxus,American badger,King cormorant,Female,2/2/2023,19,true
Mae Wang,Felis silvestris lybica,"Cat, kaffir",Chilean flamingo,Male,2/13/2023,20,true
Noginsk-9,Centrocercus urophasianus,"Grouse, sage","Bustard, denham's",Female,2/2/2023,20,true
Lubbock,Pavo cristatus,"Peacock, blue",White-throated robin,Male,5/26/2023,9,true
Reshetylivka,Anser anser,"Goose, greylag",Egyptian viper,Female,12/7/2023,5,true
Yanino Vtoroye,Choloepus hoffmani,"Sloth, two-toed","Sheep, american bighorn",Male,4/6/2024,22,false
Chotepe,Gyps fulvus,Griffon vulture,Hoffman's sloth,Male,1/5/2023,25,false
Novonikol’sk,Kobus defassa,Common waterbuck,Giraffe,Female,1/24/2023,29,false
Vostochnyy,Papio cynocephalus,Savanna baboon,Oribi,Female,1/13/2024,17,true
Tegalsari,Pitangus sulphuratus,Great kiskadee,"Gull, swallow-tail",Female,2/14/2024,20,true
Jasaan,Bucephala clangula,Common goldeneye,"Bleu, red-cheeked cordon",Female,12/31/2022,26,true
Immātīn,Butorides striatus,"Heron, green",Greater flamingo,Polygender,11/5/2022,13,false
Aleg,Spizaetus coronatus,"Hawk-eagle, crowned","Hartebeest, coke's",Male,3/5/2024,9,true
Salamanca,Ardea golieth,Goliath heron,White-throated monitor,Female,11/12/2022,29,true
Mahalapye,Microcavia australis,Cuis,"Porcupine, north american",Female,9/17/2023,24,false
Helsingborg,Parus atricapillus,Black-capped chickadee,Boat-billed heron,Female,11/19/2023,23,false
Jitan,Carphophis sp.,Worm snake (unidentified),Ground legaan,Female,9/19/2023,15,true
Jiguan,Sus scrofa,Wild boar,Impala,Genderfluid,8/14/2022,30,true
Huilong,Columba livia,Feral rock pigeon,"Swan, trumpeter",Female,1/14/2023,14,true
Beaufort West,Bucorvus leadbeateri,"Hornbill, southern ground","Stork, black-necked",Female,5/19/2023,20,true
New York City,Dicrostonyx groenlandicus,Arctic lemming,Lesser mouse lemur,Female,1/28/2023,12,true
San Antonio,Eudromia elegans,"Tinamou, elegant crested","Marmot, yellow-bellied",Female,6/17/2023,6,false
Werinama,Varanus sp.,Ground legaan,"Civet, small-toothed palm",Male,4/22/2023,14,true
Borodinskiy,Bubo virginianus,"Owl, great horned","Armadillo, nine-banded",Bigender,9/23/2023,26,true
Kalloní,Meleagris gallopavo,Wild turkey,Flightless cormorant,Male,10/15/2023,25,true
Ampeleíes,Panthera leo,African lion,Columbian rainbow boa,Male,12/1/2022,13,true
Lexington,Mungos mungo,Banded mongoose,Frilled lizard,Female,1/21/2023,5,true
Yinjiacheng,Meleagris gallopavo,Wild turkey,"Dove, mourning collared",Female,1/14/2024,3,true
Chernomorskiy,Casmerodius albus,"Egret, great",Burmese black mountain tortoise,Female,12/3/2023,29,false
Nanshi,Zosterops pallidus,Pale white-eye,Red-tailed cockatoo,Female,11/6/2023,29,false
Brisbane,Sciurus vulgaris,European red squirrel,Superb starling,Male,8/29/2023,30,false
Karangsembung,Redunca redunca,Bohor reedbuck,Carmine bee-eater,Female,9/25/2022,24,false
Mantang,Lamprotornis chalybaeus,"Starling, greater blue-eared",Antelope ground squirrel,Male,1/3/2024,17,true
Pokrov,Lutra canadensis,Canadian river otter,"Francolin, coqui",Female,12/7/2023,14,false
Comillas Norte,Cyrtodactylus louisiadensis,"Gecko, bent-toed","Legaan, ground",Male,5/10/2023,23,false
Fada,Vulpes chama,"Fox, silver-backed",Klipspringer,Female,12/28/2023,21,false
Cibeureum,Ninox superciliaris,"Owl, white-browed","Lion, steller sea",Female,8/1/2022,10,true
Fox Creek,Aonyx capensis,Cape clawless otter,Netted rock dragon,Male,12/16/2023,18,true
Fresno,unavailable,Caracara (unidentified),Galapagos albatross,Female,5/24/2023,28,false
Pasar,Hydrochoerus hydrochaeris,Capybara,"Jackal, silver-backed",Male,11/15/2022,21,false
Malitubog,Potamochoerus porcus,Bushpig,"Vulture, griffon",Female,11/9/2023,27,true
Paraty,Nasua nasua,"Coatimundi, ring-tailed",Southern ground hornbill,Female,6/19/2022,9,false
Municipio de Copacabana,Dendrocitta vagabunda,Rufous tree pie,Pacific gull,Genderfluid,3/13/2023,21,false
Paujiles,Varanus salvator,"Monitor, water",Grey phalarope,Female,2/21/2023,14,true
Hang Dong,Amphibolurus barbatus,Western bearded dragon,Caracara (unidentified),Male,10/30/2023,20,true
Ochojno,Capra ibex,Ibex,"Albatross, waved",Male,8/18/2022,16,true
Jiaoxiyakou,Sula dactylatra,"Booby, blue-faced",Black and white colobus,Female,7/27/2022,12,false
Georgetown,Papilio canadensis,Canadian tiger swallowtail butterfly,Land iguana,Female,3/10/2023,29,false
Dajianchang,Choloepus hoffmani,Hoffman's sloth,Emu,Female,2/1/2024,21,false
Formosa,Macaca mulatta,Rhesus macaque,"Turtle, snake-necked",Male,9/19/2023,23,false
A dos Cunhados,Gymnorhina tibicen,Australian magpie,Egyptian cobra,Male,2/21/2023,6,true
Tayasan,Paradoxurus hermaphroditus,"Cat, toddy","Sheep, stone",Male,1/1/2024,12,false
Norrköping,Spheniscus magellanicus,Magellanic penguin,Madagascar hawk owl,Female,7/6/2023,9,false
Al Misrākh,Alcelaphus buselaphus caama,Red hartebeest,Canada goose,Female,9/25/2023,27,true
Krajan,Mazama americana,Red brocket,Trumpeter swan,Male,5/17/2023,6,true
Takari,Mustela nigripes,"Ferret, black-footed",Dusky rattlesnake,Male,7/24/2022,26,false
Anin,unavailable,Swallow (unidentified),"Puma, south american",Female,9/5/2023,13,false
Kořenov,Gorilla gorilla,"Gorilla, western lowland",White-throated toucan,Female,2/22/2023,6,true
Bordeaux,Macropus agilis,Jungle kangaroo,"Wallaby, euro",Female,8/11/2023,15,false
Gaoming,Dasyurus viverrinus,Native cat,"Stork, jabiru",Female,10/2/2022,8,false
Paidha,Canis mesomelas,Silver-backed jackal,American buffalo,Female,2/6/2023,29,true
Krasyliv,Manouria emys,"Tortoise, burmese brown mountain",Mandras tree shrew,Male,2/26/2024,18,false
Nanfeng,Macaca mulatta,Rhesus macaque,Water moccasin,Genderfluid,1/4/2023,7,false
Nice,Trichosurus vulpecula,Golden brush-tailed possum,Red lava crab,Female,3/28/2024,11,false
Pindorama,Microcebus murinus,"Lemur, lesser mouse",Prairie falcon,Male,8/30/2022,11,false
Chuanxi,Tapirus terrestris,"Tapir, brazilian",Galapagos tortoise,Male,10/22/2023,2,true
Puerto Colombia,Giraffe camelopardalis,Giraffe,Green vine snake,Bigender,3/23/2024,9,true
Hebu,Macropus eugenii,Tammar wallaby,Tayra,Female,3/1/2024,26,true
Jobabo,Dendrocitta vagabunda,Rufous tree pie,Civet (unidentified),Male,2/19/2023,4,false
Zharkent,Macropus fuliginosus,"Kangaroo, western grey",Dabchick,Female,11/28/2023,12,false
Kukur,Canis lupus lycaon,"Wolf, timber",Water legaan,Male,2/20/2023,14,false
Rashaant,Connochaetus taurinus,"Gnu, brindled",Black-eyed bulbul,Male,9/2/2023,3,false
San Francisco,Cygnus atratus,Black swan,Great white pelican,Female,6/15/2022,29,true
Kristiansand S,Castor canadensis,"Beaver, american",House crow,Female,7/25/2023,16,false
Carpentras,Ovis canadensis,American bighorn sheep,African clawless otter,Male,4/17/2024,7,true
Morohongō,Nyctanassa violacea,Yellow-crowned night heron,Alpaca,Male,7/13/2022,7,false
Cipinang,Varanus albigularis,White-throated monitor,Brown pelican,Male,10/16/2022,17,true
Thị Trấn Yên Phú,Phalacrocorax carbo,Large cormorant,"Bird, red-billed tropic",Female,2/21/2024,2,false
Dengyue,Laniaurius atrococcineus,"Gonolek, burchell's",Bent-toed gecko,Female,9/18/2022,16,true
Xiaohe,Vulpes vulpes,North American red fox,"Egret, great",Female,5/3/2023,28,false
Leština,Cathartes aura,"Vulture, turkey","Dunnart, fat-tailed",Male,6/7/2023,13,true
Memphis,Eunectes sp.,Anaconda (unidentified),Crab-eating fox,Male,11/3/2022,2,false
São Gonçalo do Amarante,Myotis lucifugus,Little brown bat,American marten,Female,2/28/2024,11,true
Detik Satu,Uraeginthus granatina,Violet-eared waxbill,Burrowing owl,Male,3/16/2023,28,true
Lesozavodsk,Merops nubicus,"Bee-eater, carmine",Richardson's ground squirrel,Male,7/27/2022,4,true
Jatimulyo,Ctenophorus ornatus,"Dragon, netted rock",Short-nosed bandicoot,Female,7/29/2023,25,true
Wenjī,Gymnorhina tibicen,"Magpie, black-backed",Boat-billed heron,Female,2/14/2023,4,false
Middelburg,Ara chloroptera,Green-winged macaw,"Lechwe, kafue flats",Male,3/19/2024,7,true
Sibucao,Hystrix cristata,African porcupine,"Bustard, kori",Female,8/7/2022,7,true
Nîmes,Callorhinus ursinus,Northern fur seal,"Partridge, coqui",Female,12/24/2023,20,true
Bašaid,Eutamias minimus,Least chipmunk,Huron,Genderfluid,12/28/2023,27,false
Manzini,Varanus salvator,Two-banded monitor,"Legaan, Monitor (unidentified)",Female,12/16/2023,20,false
Svetlograd,Uraeginthus granatina,"Waxbill, violet-eared","Eagle, pallas's fish",Female,11/16/2023,4,false
Shuanghejiedao,Eunectes sp.,Anaconda (unidentified),Chameleon (unidentified),Female,6/22/2023,4,true
Beicang,unavailable,Bird (unidentified),"Finch, common melba",Female,1/26/2023,18,false
Bin Yauri,Colaptes campestroides,Field flicker,"Stork, white-necked",Female,10/27/2023,13,false
Cipaku,Fulica cristata,"Coot, red-knobbed",Indian tree pie,Male,1/10/2023,12,true
Alkmaar,Dicrostonyx groenlandicus,Collared lemming,Vicuna,Female,8/5/2022,12,true
Orissaare,Phylurus milli,Barking gecko,"Possum, ring-tailed",Female,1/10/2024,6,true
Kyzylorda,Fratercula corniculata,"Puffin, horned",Black-faced kangaroo,Genderfluid,8/17/2023,21,false
Borovo,Bradypus tridactylus,"Sloth, pale-throated three-toed","Tortoise, burmese brown mountain",Male,11/2/2023,12,false
Brejo da Madre de Deus,Dendrocitta vagabunda,Indian tree pie,"Gecko, bent-toed",Male,2/6/2024,4,false
Bei,Macropus parryi,Whip-tailed wallaby,Common grenadier,Male,7/17/2022,26,true
Dayton,Bison bison,American bison,Gulls (unidentified),Male,12/18/2023,4,false
Linxia Chengguanzhen,Plegadis falcinellus,"Ibis, glossy",Red howler monkey,Female,5/15/2023,7,true
Libode,Zonotrichia capensis,Rufous-collared sparrow,"Rat, desert kangaroo",Female,9/17/2023,9,true
Bollnäs,Platalea leucordia,"Spoonbill, white","Wolf, common",Male,3/28/2024,29,true
Skwierzyna,Mabuya spilogaster,"Skink, african",Common goldeneye,Female,12/26/2023,10,true
Summerland,Phascogale tapoatafa,Brush-tailed phascogale,"Bee-eater, white-fronted",Female,12/1/2023,21,false
Niederwaldkirchen,Struthio camelus,Ostrich,"Polecat, african",Male,8/19/2023,30,true
Chợ Gạo,Anas punctata,"Teal, hottentot","Owl, white-browed",Female,12/14/2022,26,true
Jiworejo,Semnopithecus entellus,"Langur, common","Dove, ring",Female,8/30/2022,24,false
Thap Khlo,Dasyurus maculatus,Spotted-tailed quoll,Great horned owl,Female,10/17/2022,24,true
Libacao,Canis mesomelas,"Jackal, black-backed","Lizard, frilled",Male,7/31/2023,16,true
Kertahayu,Cebus nigrivittatus,Weeper capuchin,"Kangaroo, red",Female,6/24/2022,19,true
Gozdnica,Gazella granti,"Gazelle, grant's","Deer, black-tailed",Male,12/10/2022,13,false
Dongxi,Antidorcas marsupialis,Springbok,Ground legaan,Male,9/6/2022,20,true
Lingshan,Tiliqua scincoides,"Skink, blue-tongued",Mule deer,Male,2/7/2023,9,false
Wengaingo,Phoenicopterus ruber,"Flamingo, roseat",Old world fruit bat (unidentified),Male,7/12/2023,5,true
Kinalansan,Tayassu pecari,"Peccary, white-lipped","Wolf, common",Male,12/4/2023,7,true
Cachimayo,Crotalus adamanteus,"Rattlesnake, eastern diamondback",Manatee,Male,1/5/2024,14,false
Monte Santo de Minas,Pelecanus occidentalis,"Pelican, brown",Pacific gull,Female,5/16/2023,21,true
Sundsvall,Ovis ammon,"Sheep, red","Bee-eater, nubian",Male,8/10/2023,21,true
Masjed Soleymān,Spermophilus lateralis,"Squirrel, golden-mantled ground","Deer, spotted",Genderfluid,7/20/2023,9,true
Lille,Lasiodora parahybana,Salmon pink bird eater tarantula,Water legaan,Polygender,7/27/2022,17,false
Asembagus,Coluber constrictor,Racer snake,Little blue penguin,Female,1/31/2024,6,true
Morgados,Corvus albicollis,"Raven, cape","Parrot, hawk-headed",Female,4/18/2024,8,true
Moshkovo,Paroaria gularis,"Cardinal, red-capped","Fox, savanna",Male,7/13/2022,28,false
Chapimarca,Vanellus armatus,Blacksmith plover,Red-necked phalarope,Male,3/30/2024,29,true
Cabog,Equus hemionus,"Ass, asiatic wild","Screamer, crested",Male,11/24/2023,25,true
Marquard,Ctenophorus ornatus,Netted rock dragon,Honey badger,Female,12/18/2023,23,false
Xuchang,Hystrix indica,"Porcupine, indian","Cat, kaffir",Male,7/18/2022,4,false
Houk,Phalacrocorax carbo,Great cormorant,"Sheep, red",Genderfluid,10/8/2022,17,false
Bochov,Loris tardigratus,Slender loris,Long-crested hawk eagle,Female,11/29/2022,21,true
Một Ngàn,Columba palumbus,Ring dove,"Eagle, african fish",Female,1/11/2023,7,false
Zhenwen,Antilope cervicapra,Blackbuck,"Hoopoe, eurasian",Male,12/21/2023,8,false
Lérida,Redunca redunca,"Reedbuck, bohor",Cape cobra,Male,8/30/2022,21,true
Lawesigalagala Timur,Nannopterum harrisi,"Cormorant, flightless",Pronghorn,Female,8/18/2023,2,false
Washington,Fulica cristata,"Coot, red-knobbed",Turkey vulture,Male,7/17/2022,8,false
Masipi West,Zonotrichia capensis,Rufous-collared sparrow,"Glider, feathertail",Male,8/26/2022,13,true
New Shagunnu,Anitibyx armatus,Tawny eagle,"Flycatcher, tyrant",Male,8/26/2022,20,false
Tabunok,Ursus arctos,Grizzly bear,Eastern indigo snake,Male,7/26/2023,15,false
Jinhe,Martes americana,"Marten, american",Laughing dove,Male,12/3/2022,29,false
Longping,Zalophus californicus,"Lion, galapagos sea",Black-throated butcher bird,Female,12/22/2022,30,false
Huainan,Semnopithecus entellus,Common langur,"Sloth, two-toed",Genderfluid,12/4/2023,25,true
Biny Selo,Phascogale calura,Red-tailed wambenger,Jaguar,Female,7/24/2023,7,true
Ouro Sogui,Dusicyon thous,Common zorro,"Zebra, common",Male,11/29/2023,8,false
Jianqiao,Bos mutus,Yak,Galah,Female,6/16/2022,26,false
Dębnica Kaszubska,Cyrtodactylus louisiadensis,Bent-toed gecko,"Hornbill, southern ground",Female,5/12/2023,11,true
Figueira Castelo Rodrigo,Tayassu pecari,"Peccary, white-lipped","Fowl, helmeted guinea",Male,4/26/2023,25,true
Klos,Tringa glareola,Spotted wood sandpiper,Blue-footed booby,Female,3/22/2023,7,true
Guajiasi,Cordylus giganteus,Giant girdled lizard,Spur-winged goose,Female,4/14/2023,13,true
Bāglung,Ovis ammon,Argalis,Green vine snake,Female,10/30/2022,8,false
Adil Makmur,Pycnonotus nigricans,"Bulbul, african red-eyed",Southern lapwing,Genderqueer,12/27/2022,18,true
Mengcheng Chengguanzhen,Spheniscus mendiculus,"Penguin, galapagos",Northern phalarope,Male,1/24/2024,29,true
Damāvand,Haliaeetus leucoryphus,Pallas's fish eagle,"Nutcracker, clark's",Male,12/15/2023,22,true
Niterói,Merops bullockoides,"Bee-eater, white-fronted","Macaw, scarlet",Male,2/10/2024,21,false
Amor,Varanus komodensis,"Dragon, komodo","Egret, snowy",Female,7/9/2023,13,false
Tallinn,Rhea americana,"Rhea, common","Tortoise, galapagos",Male,2/26/2023,4,true
Brumado,Hystrix indica,"Porcupine, indian","Crab, red lava",Male,10/7/2022,2,false
Chengzhong,Naja haje,Egyptian cobra,"Ox, musk",Female,3/29/2023,14,false
Kasugai,Pycnonotus nigricans,"Bulbul, black-fronted",Sociable weaver,Male,9/2/2022,12,false
Inari,Ictonyx striatus,"Polecat, african",Chital,Female,11/26/2022,10,false
Sibreh,Ovis dalli stonei,Stone sheep,"Bulbul, black-eyed",Female,8/1/2023,22,false
Horodne,Francolinus coqui,"Francolin, coqui",Red-headed woodpecker,Male,6/27/2022,16,false
Kanbula,Dasyurus viverrinus,"Cat, native",Eurasian badger,Male,3/4/2024,21,true
Emmen,Eremophila alpestris,"Lark, horned",Manatee,Female,3/14/2024,29,true
Gōtsuchō,Tadorna tadorna,"Shelduck, european","Wildebeest, blue",Male,11/22/2023,22,true
Cupira,Bucephala clangula,"Goldeneye, common","Bat, little brown",Female,2/10/2024,9,true
Nanshi,Phalacrocorax varius,"Cormorant, pied",Two-banded monitor,Female,1/31/2023,8,false
Bauang,Odocoileus hemionus,Black-tailed deer,"Cat, ringtail",Genderfluid,2/21/2023,6,false
Harjamukti,Kobus defassa,Defassa waterbuck,Lesser flamingo,Male,1/8/2024,22,false
Sult,Ornithorhynchus anatinus,Platypus,"Kangaroo, eastern grey",Male,1/2/2024,20,true
Rassvet,Naja haje,"Cobra, egyptian","Eagle, bald",Female,3/30/2024,24,false
Zhonghe,Gyps fulvus,"Vulture, griffon","Nutcracker, clark's",Male,11/16/2022,21,true
Dafang,Pandon haliaetus,Osprey,"Squirrel, pine",Male,9/11/2023,27,true
Jiahe,Macaca nemestrina,"Macaque, pig-tailed","Dragon, komodo",Male,10/5/2023,4,false
Arroteia,Callorhinus ursinus,Northern fur seal,Cape cobra,Female,8/13/2022,8,false
Veiros,Choloepus hoffmani,Two-toed tree sloth,Cape Barren goose,Male,8/16/2023,24,false
T’azagyugh,Macropus rufogriseus,Bennett's wallaby,Hoary marmot,Male,10/7/2022,2,true
Akat Amnuai,Sagittarius serpentarius,"Bird, secretary",Greater blue-eared starling,Male,1/8/2023,19,false
Pasirnangka,Turtur chalcospilos,Emerald-spotted wood dove,"Kangaroo, jungle",Agender,4/16/2024,20,true
Hashaat,Psittacula krameri,"Parakeet, rose-ringed","Tinamou, elegant crested",Female,9/17/2022,1,true
Xuchang,Herpestes javanicus,"Mongoose, small indian","Pigeon, feral rock",Male,7/26/2023,27,true
Thị Trấn Quan Hóa,Anastomus oscitans,Asian openbill,Ground monitor (unidentified),Female,12/10/2022,9,false
Dayapan,Xerus sp.,African ground squirrel (unidentified),"Dragon, frilled",Genderfluid,6/20/2023,5,true
Maiwal,Elephas maximus bengalensis,Asian elephant,Steenbuck,Female,8/31/2022,1,true
Fort Portal,Mycteria leucocephala,Painted stork,"Deer, barasingha",Male,12/24/2023,21,false
Washington,Taxidea taxus,American badger,Swainson's francolin,Male,3/19/2023,3,false
Vitim,Lemur fulvus,"Lemur, brown",Genoveva,Female,7/8/2023,12,true
Lugang,Phaethon aethereus,"Bird, red-billed tropic","Pigeon, feral rock",Male,12/21/2022,2,true
Cikeusal,Suricata suricatta,Meerkat,Cereopsis goose,Male,9/22/2023,14,true
Kerrobert,Chlamydosaurus kingii,"Dragon, frilled","Goldeneye, common",Female,5/5/2023,14,true
Pojan,Phylurus milli,"Gecko, barking","Crow, pied",Female,10/13/2023,26,false
Nashville,Falco mexicanus,Prairie falcon,"Starling, cape",Female,9/6/2022,22,true
Tsaghkaber,Uraeginthus bengalus,Red-cheeked cordon bleu,"Cobra, egyptian",Male,1/19/2024,27,false
Rabāţ-e Sangī-ye Pā’īn,Snycerus caffer,African buffalo,"Crab, red lava",Male,4/30/2023,12,true
Iñapari,Madoqua kirkii,"Dik, kirk's dik","Jackal, silver-backed",Female,2/4/2023,22,true
Lancheng,Lorythaixoides concolor,"Bird, bare-faced go away","Leopard, indian",Male,12/31/2023,15,true
Seoul,Phacochoerus aethiopus,Warthog,Brush-tailed rat kangaroo,Male,4/1/2023,18,false
Caibiran,Felis caracal,Caracal,Seven-banded armadillo,Female,6/24/2022,3,false
Zhijiang,Damaliscus lunatus,Tsessebe,"Lion, mountain",Male,7/29/2022,4,true
Stare Kurowo,Crotalus cerastes,"Rattlesnake, horned","Squirrel, golden-mantled ground",Female,2/23/2024,8,true
Kawengan,Varanus sp.,"Lizard, goanna",Banded mongoose,Female,12/19/2023,23,true
Johogunung,unavailable,Adouri (unidentified),Yellow-bellied marmot,Male,5/4/2023,1,false
Skovorodino,Recurvirostra avosetta,Pied avocet,"Cat, african wild",Female,10/15/2023,6,true
Zambrów,Eudyptula minor,Fairy penguin,"Flicker, campo",Female,3/7/2024,16,false
Lammi,Phalacrocorax carbo,Large cormorant,White-throated toucan,Female,7/22/2023,12,true
Nowe Warpno,Galictis vittata,Huron,Western grey kangaroo,Male,7/3/2022,17,true
Müllendorf,Phalacrocorax varius,"Cormorant, pied","Phalarope, red",Male,2/2/2023,2,false
Wierzchosławice,Papilio canadensis,Canadian tiger swallowtail butterfly,"Reedbuck, bohor",Female,2/18/2024,13,false
Malhão,Cacatua galerita,Sulfur-crested cockatoo,"Pintail, white-cheeked",Female,10/13/2022,13,false
Kalate,Isoodon obesulus,"Bandicoot, short-nosed",Pocket gopher (unidentified),Agender,3/3/2023,5,false
Lianglin,Notechis semmiannulatus,"Snake, tiger",Roseate cockatoo,Genderqueer,8/12/2023,29,true
Xinmatou,Felis silvestris lybica,African wild cat,Common grenadier,Female,10/27/2022,7,false
Gaide,Mabuya spilogaster,"Skink, african","Constrictor, eastern boa",Male,12/17/2022,10,true
Kitahiroshima,Madoqua kirkii,Kirk's dik dik,Burrowing owl,Female,6/22/2022,15,true
Drohobych,Grus antigone,Sarus crane,"Booby, blue-faced",Male,2/21/2024,24,false
Lom Sak,Diceros bicornis,Black rhinoceros,"Capuchin, brown",Female,7/13/2023,27,false
Libice nad Cidlinou,Chlidonias leucopterus,White-winged tern,"Otter, african clawless",Bigender,10/28/2022,8,false
Marāveh Tappeh,Kobus defassa,"Waterbuck, common",Klipspringer,Female,6/22/2022,15,true
Skärholmen,Connochaetus taurinus,"Gnu, brindled",North American red fox,Female,7/4/2023,25,false
Pliska,Paraxerus cepapi,"Squirrel, african bush",Sidewinder,Female,5/1/2023,25,false
Santo Amador,Ursus americanus,American black bear,Baleen whale,Female,12/14/2022,11,true
Żórawina,Macropus rufus,"Kangaroo, red",White-lipped peccary,Female,1/9/2024,18,true
Anh Son,Macaca radiata,Bonnet macaque,"Lizard, mexican beaded",Male,2/21/2024,18,false
Hirakata,Nyctanassa violacea,Yellow-crowned night heron,"Gull, silver",Male,10/24/2023,30,true
Guyancourt,Semnopithecus entellus,Hanuman langur,Rufous-collared sparrow,Male,10/31/2022,28,false
Jianghong,Ploceus rubiginosus,Chestnut weaver,"Swan, black",Male,2/16/2023,18,false
Chauk,Marmota flaviventris,"Marmot, yellow-bellied",Koala,Male,11/24/2022,7,true
Kasba Tadla,Leptoptilos crumeniferus,"Stork, marabou","Squirrel, malabar",Male,8/30/2022,29,false
Dagar,Psophia viridis,Green-winged trumpeter,"Owl, white-browed",Female,10/16/2022,3,false
Osvaldo Cruz,Phascolarctos cinereus,Koala,"Civet, small-toothed palm",Male,8/12/2023,24,true
Tembau,Papio cynocephalus,"Baboon, yellow","Iguana, marine",Male,12/8/2022,17,true
Tifni,Manouria emys,"Tortoise, burmese brown mountain",Collared lizard,Female,2/28/2024,27,false
Piúma,Merops nubicus,"Bee-eater, carmine","Gecko, ring-tailed",Genderqueer,11/11/2023,22,false
Zhanxu,Naja nivea,"Cobra, cape","Capuchin, weeper",Male,12/30/2023,10,true
Pung-Pang,Varanus salvator,Water monitor,"Bulbul, black-fronted",Non-binary,6/9/2023,10,true
Heshui,Trichoglossus haematodus moluccanus,"Lory, rainbow",Stone sheep,Agender,1/19/2023,19,true
Trŭn,Callorhinus ursinus,"Seal, northern fur",Four-horned antelope,Male,7/24/2023,8,true
Taiyang,Macropus parryi,Whip-tailed wallaby,Painted stork,Female,1/15/2024,24,true
Sinamaica,Nycticorax nycticorax,"Heron, black-crowned night",Western palm tanager (unidentified),Female,4/18/2024,11,false
Sumberkenanga,Iguana iguana,"Iguana, common green","Spurfowl, yellow-necked",Female,7/17/2023,7,false
Zābolī,Zosterops pallidus,Pale white-eye,"Heron, striated",Female,10/3/2023,10,false
Littleton,Egretta thula,"Egret, snowy",Steller's sea lion,Female,2/9/2023,26,true
Malabar,Crotaphytus collaris,Collared lizard,Long-tailed spotted cat,Female,7/23/2022,24,false
Mangdang,Tadorna tadorna,"Shelduck, common",Common wolf,Female,12/14/2022,2,false
Tarata,unavailable,Bird (unidentified),Red-tailed phascogale,Female,5/1/2023,14,true
Masis,Dasypus novemcinctus,Common long-nosed armadillo,Snake-necked turtle,Female,7/26/2022,29,true
Ruteng,Equus hemionus,"Ass, asiatic wild",American bison,Male,10/9/2022,21,false
Francisco Beltrão,Zenaida galapagoensis,Galapagos dove,Goanna lizard,Female,9/14/2023,20,false
Tungipāra,Papio cynocephalus,"Baboon, yellow","Macaque, bonnet",Female,11/1/2022,18,true
Tailing,Paraxerus cepapi,African bush squirrel,"Owl, madagascar hawk",Male,9/26/2023,10,false
Sidi Qacem,Camelus dromedarius,"Camel, dromedary","Stork, openbill",Male,1/27/2023,7,true
Västerås,Macaca mulatta,Rhesus monkey,"Boar, wild",Female,12/25/2022,20,true
Rangpur,Lamprotornis nitens,Cape starling,Honey badger,Male,4/21/2023,5,false
Bogoria,Butorides striatus,Green heron,Blue-tongued skink,Female,6/1/2023,3,true
Raškovice,Gymnorhina tibicen,Black-backed magpie,Egyptian vulture,Polygender,8/14/2023,22,true
Mosina,Hippopotamus amphibius,Hippopotamus,"Opossum, american virginia",Agender,1/28/2024,6,false
Mlimba,Ovis dalli stonei,Stone sheep,"Jackal, black-backed",Female,11/1/2023,6,true
Emiliano Zapata,Bos taurus,Scottish highland cow,Common long-nosed armadillo,Female,9/7/2023,8,true
Det Udom,Castor canadensis,"Beaver, north american",Magnificent frigate bird,Polygender,9/13/2023,19,false
Bandar-e Lengeh,Aonyx capensis,African clawless otter,Squirrel glider,Female,6/14/2022,16,true
Malusay,Eudyptula minor,Fairy penguin,"Cat, tiger",Female,10/18/2023,15,true
Shuya,Parus atricapillus,Black-capped chickadee,"Opossum, american virginia",Female,1/25/2023,2,false
Ujung Gading,Antechinus flavipes,"Antechinus, brown",Collared lizard,Female,7/8/2022,30,false
Bronx,Phalaropus fulicarius,"Phalarope, grey",Rhesus macaque,Male,7/24/2022,12,false
Mozi,Lasiodora parahybana,Tarantula,"Sunbird, lesser double-collared",Male,7/17/2023,4,false
Lombo Meão,Capreolus capreolus,Roe deer,"Badger, eurasian",Male,2/24/2024,17,false
Dolní Čermná,Cracticus nigroagularis,"Bird, black-throated butcher","Waxbill, blue",Female,9/28/2022,16,true
Quintão,Hymenolaimus malacorhynchus,Blue duck,Grey lourie,Genderfluid,3/27/2024,3,false
Lahar,Ovis dalli stonei,Stone sheep,Blue shark,Male,3/25/2024,26,false
Hanušovice,Pteronura brasiliensis,Brazilian otter,Yellow-headed caracara,Male,5/16/2023,11,true
Kano,Varanus sp.,"Legaan, Monitor (unidentified)","Booby, blue-footed",Male,11/28/2022,5,false
Bailai,Perameles nasuta,Long-nosed bandicoot,Wattled crane,Male,3/27/2023,13,false
Curahklapa,Panthera tigris,Tiger,Blue and yellow macaw,Female,1/9/2023,6,false
‘Arīqah,Panthera pardus,"Leopard, indian","Gecko, bent-toed",Female,7/25/2023,29,false
Lakeland,Eudromia elegans,Elegant crested tinamou,"Lion, steller sea",Female,7/24/2022,3,true
Tulaghi,Cercatetus concinnus,"Possum, western pygmy","Phalarope, northern",Male,10/4/2022,27,true
Zama,Carduelis pinus,"Siskin, pine",Little blue penguin,Female,12/12/2023,16,false
Jinhai,Varanus salvator,Water legaan,"Langur, hanuman",Male,2/17/2024,12,true
Hongqi Yingzi,Tragelaphus angasi,Nyala,"Brocket, brown",Male,4/16/2023,13,false
Las Mercedes,Felis silvestris lybica,"Cat, european wild",Spotted-tailed quoll,Female,8/13/2022,29,true
Alebtong,Charadrius tricollaris,"Plover, three-banded",Common palm civet,Female,5/23/2023,29,true
Dagohoy,Panthera pardus,"Leopard, indian","Shrike, southern white-crowned",Female,12/29/2022,15,true
Qianjiang,Tayassu pecari,"Peccary, white-lipped",Red lava crab,Polygender,10/7/2022,30,false
Jiuzihe,Dasypus novemcinctus,"Armadillo, nine-banded","Lizard, desert spiny",Male,9/2/2023,7,false
Viana,Chlidonias leucopterus,"Tern, white-winged black",Springbuck,Female,9/23/2023,23,true
Kými,Pteronura brasiliensis,Giant otter,"Squirrel, european red",Male,9/19/2022,30,false
Óbidos,Felis yagouaroundi,Jaguarundi,"Nuthatch, red-breasted",Male,5/27/2023,30,true
Nice,Plectopterus gambensis,"Goose, spur-winged","Monitor, white-throated",Female,8/24/2022,30,true
Aguas Verdes,Vanellus armatus,"Plover, blacksmith",Brush-tailed phascogale,Female,8/1/2022,15,true
Zlatoust,Milvus migrans,"Kite, black","Crow, pied",Male,10/23/2023,10,true
Rönninge,Phalaropus fulicarius,Grey phalarope,Galapagos tortoise,Female,2/26/2023,11,false
Gandusari,Eolophus roseicapillus,Roseate cockatoo,Southern hairy-nosed wombat,Male,8/12/2023,27,false
Yangmiao,Mycteria leucocephala,Painted stork,Barrows goldeneye,Male,1/24/2024,14,true
Cavadas,Laniarius ferrugineus,Common boubou shrike,"Catfish, blue",Bigender,10/16/2023,9,true
San Miguel,Oryx gazella,Beisa oryx,"Crow, house",Female,11/9/2023,20,true
Guadalupe,Bos frontalis,Gaur,"Shark, blue",Female,9/4/2022,14,false
Castillos,Melursus ursinus,"Bear, sloth",Red-shouldered glossy starling,Female,10/14/2023,28,true
Strohonivka,Aonyx capensis,"Otter, cape clawless",Burmese black mountain tortoise,Genderqueer,10/4/2023,28,false
El Arenal,Genetta genetta,Small-spotted genet,African lion,Female,8/6/2023,6,true
Sundbyberg,Sarkidornis melanotos,"Goose, knob-nosed","Jacana, african",Female,7/8/2022,14,true
Tanda,Taxidea taxus,American badger,Wild turkey,Male,11/30/2023,8,false
Busan,Giraffe camelopardalis,Giraffe,Australian pelican,Female,11/14/2022,7,true
Atescatempa,Vombatus ursinus,Common wombat,Olive baboon,Female,3/20/2024,30,false
Serrinha,Platalea leucordia,European spoonbill,Black bear,Female,8/4/2023,27,false
La Clotilde,Tamandua tetradactyla,Southern tamandua,Yellow-billed hornbill,Genderfluid,6/14/2023,17,true
Pailiao,Eudyptula minor,"Penguin, little blue",Komodo dragon,Female,11/18/2023,11,false
Bodzanów,Larus dominicanus,Southern black-backed gull,Bonnet macaque,Male,7/15/2022,22,true
Suren,unavailable,Cormorant (unidentified),Timber wolf,Male,11/21/2023,6,true
Sidomulyo,Nyctea scandiaca,"Owl, snowy",Emerald-spotted wood dove,Genderqueer,8/19/2023,10,true
Conde,Bubalus arnee,"Buffalo, wild water",Savannah deer,Male,6/15/2022,26,false
Yongxing Chengguanzhen,Corvus albus,"Crow, pied",Euro wallaby,Polygender,3/8/2023,16,true
Cuito,Cracticus nigroagularis,"Bird, black-throated butcher",Manatee,Male,9/22/2023,22,true
Sydney,Crotalus triseriatus,Dusky rattlesnake,Australian spiny anteater,Female,12/5/2022,20,false
Angadanan,Erethizon dorsatum,North American porcupine,"Colobus, black and white",Female,4/28/2023,19,true
Tuchoměřice,Oryx gazella callotis,"Oryx, fringe-eared","Jackal, silver-backed",Female,1/15/2024,20,false
Tubarão,Equus burchelli,"Zebra, plains","Plover, three-banded",Female,3/14/2024,1,true
Hedian,Terathopius ecaudatus,Bateleur eagle,Dama wallaby,Male,6/14/2023,16,true
Meishan,Phalacrocorax brasilianus,Neotropic cormorant,White-winged dove,Genderqueer,7/4/2023,30,false
Espinal,Lycaon pictus,African wild dog,"Dove, rock",Female,11/1/2022,26,true
Monastir,Genetta genetta,"Genet, small-spotted",Ovenbird,Female,8/15/2023,16,false
Danyang,Colobus guerza,White-mantled colobus,"Hyena, spotted",Female,4/27/2023,4,false
Longzhouwan,Petaurus breviceps,Sugar glider,"Iguana, land",Male,2/20/2023,16,true
Yanjiatai,Ara macao,Scarlet macaw,White-throated monitor,Female,4/2/2023,29,false
Mayfa‘ah,Microcebus murinus,"Lemur, grey mouse",Manatee,Male,9/26/2022,8,true
Jõhvi,Hystrix cristata,African porcupine,"Pie, rufous tree",Female,6/21/2023,5,true
Ewirgol,Hippopotamus amphibius,Hippopotamus,Blue-tongued skink,Non-binary,10/19/2022,15,false
Kauditan,Milvago chimachima,Yellow-headed caracara,"Eagle, bald",Male,12/3/2023,18,false
Santana,Sylvilagus floridanus,"Rabbit, eastern cottontail",Cougar,Female,4/25/2023,15,true
Granja,Pteropus rufus,Madagascar fruit bat,"Mongoose, banded",Genderfluid,11/20/2023,21,true
Parada de Todeia,unavailable,Mudskipper (unidentified),"Mockingbird, galapagos",Male,1/15/2023,17,true
Tiandian,unavailable,Caracara (unidentified),Common wallaroo,Female,11/6/2023,27,true
Xinkai,Connochaetus taurinus,Brindled gnu,Dusky gull,Female,2/27/2023,18,false
Baguim do Monte,Plocepasser mahali,"Weaver, white-browed sparrow",Black-winged stilt,Female,7/25/2023,18,true
Zborište,Dasypus novemcinctus,Nine-banded armadillo,Black rhinoceros,Male,6/12/2023,23,false
Yanggan,Phalacrocorax varius,Pied cormorant,"Tortoise, radiated",Male,1/1/2024,9,false
Werasari,Agelaius phoeniceus,Red-winged blackbird,"Jaeger, long-tailed",Male,9/13/2023,6,true
Kertosari,Cervus elaphus,Red deer,Reindeer,Male,9/17/2022,13,true
Villeneuve-d'Ascq,Redunca redunca,"Reedbuck, bohor","Dragonfly, russian",Non-binary,7/5/2022,24,true
Port Washington,Phoenicopterus ruber,Roseat flamingo,"Lion, steller sea",Male,8/9/2022,18,true
Sangoleng,Cacatua tenuirostris,"Cockatoo, long-billed","Dunnart, fat-tailed",Male,1/21/2024,29,false
Evansville,Melursus ursinus,"Bear, sloth","Porcupine, north american",Female,6/26/2022,7,true
Pengfang,Streptopelia senegalensis,"Dove, little brown","Bird, magnificent frigate",Bigender,11/6/2023,15,true
Strängnäs,Butorides striatus,Striated heron,"Duiker, gray",Male,11/9/2023,2,true
Nijemci,Anastomus oscitans,"Stork, openbill",Emerald green tree boa,Male,10/20/2022,22,false
Tambak,Alcelaphus buselaphus cokii,Coke's hartebeest,Sage grouse,Male,1/11/2024,25,true
Fontenay-sous-Bois,Scolopax minor,"Woodcock, american","Langur, gray",Female,4/4/2023,27,false
Mañazo,Alligator mississippiensis,"Alligator, mississippi",Black-fronted bulbul,Polygender,1/25/2023,29,false
Tingloy,Papio cynocephalus,"Baboon, yellow","Squirrel, eurasian red",Bigender,12/23/2023,20,true
Lodja,Laniarius ferrugineus,Common boubou shrike,"Goldeneye, common",Male,3/28/2023,4,true
Sharīfābād,Macaca fuscata,"Macaque, japanese",White-faced whistling duck,Genderqueer,2/26/2023,9,false
Badajoz,Phalacrocorax varius,"Cormorant, pied","Spurfowl, yellow-necked",Male,6/29/2022,23,true
